관리번호,수종,수목위도,수목경도,추정높이_m,추정너비_m
05-대현로-가-0188,왕벚나무,35.88701519,128.6023861,2.5,1.0
05-연암로-가-0323,왕벚나무,35.88832401,128.6016959,2.5,1.0
05-대현로-가-0184,양버즘나무,35.88647482,128.6025235,2.5,1.0
05-대현로-가-0106,양버즘나무,35.88200557,128.6115981,2.5,1.0
05-대현로-가-0032,소나무,35.88461685,128.6049957,2.5,1.0
05-대현로-가-0041,양버즘나무,35.884205,128.6056769,2.5,1.0
05-대현로-가-0031,양버즘나무,35.88464737,128.604951,2.5,1.0
05-대구체육관로-가-0041,은행나무,35.89136154,128.6019405,2.5,1.0
05-대구체육관로-가-0013,은행나무,35.89085007,128.6016043,2.5,1.0
05-대학로-가-0292,은행나무,35.88846348,128.6023274,2.5,1.0
05-대학로-가-0277,은행나무,35.88939259,128.6032743,2.5,1.0
05-대학로-가-0276,은행나무,35.88942482,128.603335,2.5,1.0
05-대학로-가-0250,은행나무,35.89099223,128.6061407,2.5,1.0
05-대학로-가-0077,은행나무,35.89168843,128.6080321,2.5,1.0
05-대학로-가-0024,은행나무,35.8896216,128.6040046,2.5,1.0
05-연암로-가-0317,귀룽나무,35.88878889,128.6015419,2.5,1.0
05-대현로-가-0135,양버즘나무,35.88340161,128.6073294,2.5,1.0
05-대현로-가-0023,양버즘나무,35.88513538,128.6041522,2.5,1.0
05-대학로-가-0231,은행나무,35.89193927,128.6080627,2.5,1.0
05-대학로-가-0038,은행나무,35.89019812,128.6050305,2.5,1.0
05-대학로-가-0076,은행나무,35.89164223,128.6079436,2.5,1.0
05-경대로-가-0177,은행나무,35.88274384,128.6124268,2.5,1.0
05-대현로-가-0095,은행나무,35.88167579,128.6117746,2.5,1.0
05-대현로-가-0112,양버즘나무,35.88235094,128.6103531,2.5,1.0
05-대학로-가-0293,은행나무,35.88840178,128.6022673,2.5,1.0
05-대학로-가-0271,은행나무,35.88971805,128.6037173,2.5,1.0
05-대학로-가-0285,은행나무,35.88889164,128.6027594,2.5,1.0
05-대학로-가-0003,은행나무,35.88815157,128.6023617,2.5,1.0
05-칠성시장로-가-0083,이팝나무,35.88002014,128.6017914,2.5,1.0
05-연암로-가-0006,왕벚나무,35.88855589,128.601871,2.5,1.0
05-대현로-가-0178,양버즘나무,35.88603232,128.6030066,2.5,1.0
05-대현로-가-0174,양버즘나무,35.88586166,128.603287,2.5,1.0
05-대현로-가-0139,양버즘나무,35.88359082,128.607021,2.5,1.0
05-대현로-가-0143,양버즘나무,35.88381472,128.6066535,2.5,1.0
05-대현로-가-0140,양버즘나무,35.88366479,128.6068959,2.5,1.0
05-대현로-가-0087,양버즘나무,35.88199997,128.6110229,2.5,1.0
05-대현로-가-0078,양버즘나무,35.88239062,128.6095963,2.5,1.0
05-대현로-가-0058,양버즘나무,35.88306808,128.6075745,2.5,1.0
05-대현로-가-0063,양버즘나무,35.88285065,128.6080475,2.5,1.0
05-대구체육관로-가-0047,은행나무,35.89099721,128.6015202,2.5,1.0
05-대구체육관로-가-0018,은행나무,35.89131815,128.602141,2.5,1.0
05-대구체육관로-가-0027,은행나무,35.89178673,128.6026769,2.5,1.0
05-대학로-가-0262,은행나무,35.89012938,128.6044055,2.5,1.0
05-대학로-가-0215,은행나무,35.8930249,128.6096752,2.5,1.0
05-대학로-가-0037,은행나무,35.89016086,128.6049541,2.5,1.0
05-대학로-가-0049,은행나무,35.89061285,128.6058655,2.5,1.0
05-대학로-가-0026,은행나무,35.88971208,128.6041453,2.5,1.0
05-대현로19길-가-0002,은행나무,35.88500595,128.6140137,2.5,1.0
05-신암로-가-0016,양버즘나무,35.87946701,128.6101837,2.5,1.0
05-대현로-가-0195,왕벚나무,35.88761524,128.6022022,2.5,1.0
05-대현로-가-0007,왕벚나무,35.88724136,128.6019745,2.5,1.0
05-연암로-가-0319,왕벚나무,35.88858908,128.601621,2.5,1.0
05-대구체육관로-가-0020,은행나무,35.89140785,128.6022417,2.5,1.0
05-대구체육관로-가-0025,은행나무,35.89169661,128.6025698,2.5,1.0
05-대학로-가-0278,은행나무,35.88934998,128.6032135,2.5,1.0
05-대학로-가-0286,은행나무,35.88884026,128.6026992,2.5,1.0
05-대학로-가-0253,은행나무,35.89081944,128.6057527,2.5,1.0
05-대학로-가-0029,은행나무,35.88984317,128.6043546,2.5,1.0
05-대학로-가-0004,은행나무,35.88821584,128.6024201,2.5,1.0
05-대학로-가-0007,은행나무,35.88838774,128.6025937,2.5,1.0
05-대현로-가-0008,왕벚나무,35.8871727,128.6019897,2.5,1.0
05-연암로-가-0320,왕벚나무,35.88852381,128.601641,2.5,1.0
05-대현로-가-0163,양버즘나무,35.88517607,128.6044282,2.5,1.0
05-대현로-가-0072,양버즘나무,35.88254505,128.6090475,2.5,1.0
05-대현로-가-0059,양버즘나무,35.88299942,128.6076965,2.5,1.0
05-대현로-가-0064,양버즘나무,35.88282013,128.608139,2.5,1.0
05-대현로-가-0033,양버즘나무,35.88454819,128.6051025,2.5,1.0
05-대구체육관로-가-0042,은행나무,35.89132607,128.6018806,2.5,1.0
05-대구체육관로-가-0050,은행나무,35.89084315,128.6013465,2.5,1.0
05-산격로9길-가-0027,느티나무,35.89303556,128.6028896,2.5,1.0
05-대학로-가-0282,은행나무,35.88910598,128.602982,2.5,1.0
05-대학로-가-0274,은행나무,35.88957004,128.6035211,2.5,1.0
05-대학로-가-0272,은행나무,35.88967134,128.6036721,2.5,1.0
05-대학로-가-0243,은행나무,35.89135988,128.6069031,2.5,1.0
05-대학로-가-0218,은행나무,35.89285577,128.6094867,2.5,1.0
05-대학로-가-0008,은행나무,35.88844191,128.6026506,2.5,1.0
05-동북로-가-0268,양버즘나무,35.89326736,128.6202544,2.5,1.0
05-대현로-가-0156,양버즘나무,35.88466336,128.6052595,2.5,1.0
05-대현로-가-0128,양버즘나무,35.88291803,128.6083239,2.5,1.0
05-대현로-가-0107,양버즘나무,35.88215369,128.6110611,2.5,1.0
05-대현로-가-0051,양버즘나무,35.88357537,128.6067117,2.5,1.0
05-대학로-가-0217,은행나무,35.89291251,128.6095492,2.5,1.0
05-대학로-가-0079,은행나무,35.89176497,128.6081859,2.5,1.0
05-대학로-가-0063,은행나무,35.89113073,128.606901,2.5,1.0
05-대현로-가-0108,양버즘나무,35.88220672,128.610868,2.5,1.0
05-대현로-가-0116,양버즘나무,35.88247002,128.6099315,2.5,1.0
05-대학로-가-0267,은행나무,35.88991472,128.6040468,2.5,1.0
05-대학로-가-0009,은행나무,35.88849445,128.6027029,2.5,1.0
05-대현로-가-0187,왕벚나무,35.88684155,128.6024392,2.5,1.0
05-대현로-가-0168,양버즘나무,35.88550836,128.6038869,2.5,1.0
05-대현로-가-0160,소나무,35.88482565,128.6049945,2.5,1.0
05-대현로-가-0141,양버즘나무,35.88371092,128.6068199,2.5,1.0
05-대현로-가-0142,양버즘나무,35.88375437,128.6067439,2.5,1.0
05-대학로-가-0227,은행나무,35.89213969,128.6084617,2.5,1.0
05-대학로-가-0067,은행나무,35.89128978,128.6072261,2.5,1.0
05-동북로-가-0270,양버즘나무,35.89315939,128.6203938,2.5,1.0
05-연암로-가-0016,왕벚나무,35.88931696,128.6014693,2.5,1.0
05-대현로-가-0125,양버즘나무,35.88276544,128.6088659,2.5,1.0
05-대현로-가-0091,양버즘나무,35.88191986,128.6113586,2.5,1.0
05-대현로-가-0049,양버즘나무,35.88374616,128.6064322,2.5,1.0
05-대현로-가-0044,양버즘나무,35.88405678,128.6059219,2.5,1.0
05-대현로-가-0030,양버즘나무,35.8847084,128.6048737,2.5,1.0
05-대구체육관로-가-0043,은행나무,35.89126665,128.6018314,2.5,1.0
05-대구체육관로-가-0030,은행나무,35.89195996,128.602608,2.5,1.0
05-대학로-가-0294,은행나무,35.88836182,128.6022241,2.5,1.0
05-대학로-가-0288,은행나무,35.88874534,128.6025965,2.5,1.0
05-대학로-가-0011,은행나무,35.88861884,128.6028312,2.5,1.0
05-대학로-가-0021,은행나무,35.88947121,128.6037964,2.5,1.0
05-대현로-가-0190,왕벚나무,35.88718752,128.6023276,2.5,1.0
05-대현로-가-0194,왕벚나무,35.88753871,128.6022349,2.5,1.0
05-대학로-가-0225,은행나무,35.89226033,128.6086887,2.5,1.0
05-대학로-가-0078,은행나무,35.89171913,128.6080968,2.5,1.0
05-공평로-가-0047,은행나무,35.88028487,128.6013147,2.5,1.0
05-동북로-가-0273,양버즘나무,35.89304943,128.6205356,2.5,1.0
05-대현로-가-0166,양버즘나무,35.88541739,128.6040431,2.5,1.0
05-대현로-가-0137,양버즘나무,35.88348152,128.6071969,2.5,1.0
05-대현로-가-0071,양버즘나무,35.88258362,128.6089783,2.5,1.0
05-대현로-가-0047,양버즘나무,35.88390595,128.6061684,2.5,1.0
05-산격로9길-가-0023,느티나무,35.89324982,128.602896,2.5,1.0
05-대학로-가-0283,은행나무,35.88898389,128.6028703,2.5,1.0
05-대학로-가-0275,은행나무,35.8894757,128.603396,2.5,1.0
05-대학로-가-0265,은행나무,35.89000774,128.6041938,2.5,1.0
05-대학로-가-0048,은행나무,35.89058332,128.6058049,2.5,1.0
05-대학로-가-0041,은행나무,35.89030603,128.6052513,2.5,1.0
05-연암로-가-0015,왕벚나무,35.88926616,128.6015076,2.5,1.0
05-연암로-가-0009,왕벚나무,35.88880261,128.6017891,2.5,1.0
05-연암로-가-0008,왕벚나무,35.8886421,128.6018445,2.5,1.0
05-대현로-가-0161,소나무,35.88494394,128.6048066,2.5,1.0
05-대현로-가-0147,양버즘나무,35.88412524,128.6061782,2.5,1.0
05-대현로-가-0129,양버즘나무,35.8829408,128.6082488,2.5,1.0
05-대현로-가-0089,양버즘나무,35.88196945,128.6111603,2.5,1.0
05-대현로-가-0076,양버즘나무,35.88245214,128.6093727,2.5,1.0
05-산격로9길-가-0024,느티나무,35.89319645,128.6028932,2.5,1.0
05-대구체육관로-가-0023,은행나무,35.891584,128.6024422,2.5,1.0
05-대학로-가-0074,은행나무,35.89156848,128.6077854,2.5,1.0
05-대학로-가-0061,은행나무,35.89104512,128.6067323,2.5,1.0
05-칠성시장로-가-0079,이팝나무,35.88036275,128.6015535,2.5,1.0
05-칠성시장로-가-0089,이팝나무,35.87943268,128.6021576,2.5,1.0
05-연암로-가-0012,왕벚나무,35.88897969,128.6017047,2.5,1.0
05-대현로-가-0192,왕벚나무,35.88738708,128.6022672,2.5,1.0
05-대현로-가-0004,왕벚나무,35.88745499,128.6019135,2.5,1.0
05-대현로-가-0182,양버즘나무,35.88631857,128.6026156,2.5,1.0
05-대현로-가-0175,양버즘나무,35.88591424,128.6032025,2.5,1.0
05-대현로-가-0159,양버즘나무,35.8847969,128.6050414,2.5,1.0
05-대현로-가-0074,양버즘나무,35.88249648,128.609215,2.5,1.0
05-대현로-가-0061,양버즘나무,35.88292313,128.6078796,2.5,1.0
05-대현로-가-0050,양버즘나무,35.88366385,128.6065668,2.5,1.0
05-대현로-가-0043,양버즘나무,35.8841055,128.6058399,2.5,1.0
05-대현로-가-0035,양버즘나무,35.88444519,128.6052856,2.5,1.0
05-대구체육관로-가-0046,은행나무,35.89105432,128.6015846,2.5,1.0
05-산격로9길-가-0028,느티나무,35.89297922,128.6028891,2.5,1.0
05-산격로9길-가-0033,느티나무,35.89276268,128.6028843,2.5,1.0
05-대학로-가-0219,은행나무,35.89280673,128.6094326,2.5,1.0
05-대학로-가-0056,은행나무,35.8908521,128.6063448,2.5,1.0
05-대학로-가-0025,은행나무,35.88966466,128.6040657,2.5,1.0
05-대학로-가-0012,은행나무,35.88877873,128.602995,2.5,1.0
05-대학로-가-0010,은행나무,35.88855783,128.6027656,2.5,1.0
05-신암로-가-0015,양버즘나무,35.87952042,128.6102142,2.5,1.0
05-연암로-가-0327,왕벚나무,35.88790894,128.6018066,2.5,1.0
05-대현로-가-0169,양버즘나무,35.88555865,128.6038087,2.5,1.0
05-대현로-가-0118,양버즘나무,35.88256115,128.6096723,2.5,1.0
05-대현로-가-0056,양버즘나무,35.88323762,128.6072663,2.5,1.0
05-대현로-가-0039,양버즘나무,35.88428904,128.6055394,2.5,1.0
05-대현로-가-0018,양버즘나무,35.88549745,128.6035573,2.5,1.0
05-산격로9길-가-0034,느티나무,35.89273366,128.6028628,2.5,1.0
05-대구체육관로-가-0024,은행나무,35.891647,128.6025136,2.5,1.0
05-대학로-가-0290,은행나무,35.88858618,128.6024445,2.5,1.0
05-대학로-가-0244,은행나무,35.89132361,128.6068257,2.5,1.0
05-대학로-가-0088,은행나무,35.89327581,128.6102948,2.5,1.0
05-대학로-가-0043,은행나무,35.89039384,128.6054249,2.5,1.0
05-대학로-가-0046,은행나무,35.89049863,128.6056393,2.5,1.0
05-대학로-가-0053,은행나무,35.89073952,128.606108,2.5,1.0
05-대현로-가-0002,왕벚나무,35.88758469,128.6018829,2.5,1.0
05-연암로-가-0328,왕벚나무,35.88784027,128.6018372,2.5,1.0
05-대현로-가-0025,양버즘나무,35.88500645,128.6043619,2.5,1.0
05-대현로-가-0013,양버즘나무,35.88578488,128.6030848,2.5,1.0
05-대현로-가-0021,양버즘나무,35.88524035,128.6039805,2.5,1.0
05-대학로-가-0080,은행나무,35.89180523,128.6082675,2.5,1.0
05-대학로-가-0055,은행나무,35.89080994,128.6062563,2.5,1.0
05-대학로-가-0068,은행나무,35.89132686,128.6072999,2.5,1.0
05-대현로-가-0103,은행나무,35.88099325,128.6116529,2.5,1.0
05-대현로-가-0121,양버즘나무,35.88263665,128.6093272,2.5,1.0
05-대현로-가-0067,양버즘나무,35.88269806,128.6085358,2.5,1.0
05-대현로-가-0068,양버즘나무,35.88267517,128.6086426,2.5,1.0
05-대구체육관로-가-0033,은행나무,35.89179054,128.6024234,2.5,1.0
05-대구체육관로-가-0037,은행나무,35.89163822,128.6022406,2.5,1.0
05-대구체육관로-가-0039,은행나무,35.89151242,128.6021006,2.5,1.0
05-대구체육관로-가-0034,은행나무,35.89176541,128.602385,2.5,1.0
05-대학로-가-0015,은행나무,35.88900785,128.6032257,2.5,1.0
05-대학로-가-0014,은행나무,35.88889695,128.6031151,2.5,1.0
05-대학로-가-0005,은행나무,35.88827562,128.6024844,2.5,1.0
05-연암로-가-0005,왕벚나무,35.88850385,128.6018675,2.5,1.0
05-연암로-가-0003,왕벚나무,35.88841694,128.6019199,2.5,1.0
05-대현로-가-0153,양버즘나무,35.88448047,128.6055614,2.5,1.0
05-대현로-가-0157,양버즘나무,35.88469805,128.6052028,2.5,1.0
05-대현로-가-0136,양버즘나무,35.883445,128.6072561,2.5,1.0
05-대현로-가-0115,양버즘나무,35.8824457,128.6100167,2.5,1.0
05-대현로-가-0084,양버즘나무,35.88208771,128.6106873,2.5,1.0
05-대현로-가-0069,양버즘나무,35.88265228,128.6087494,2.5,1.0
05-대현로-가-0052,양버즘나무,35.88352203,128.6068115,2.5,1.0
05-대현로-가-0040,양버즘나무,35.88425049,128.6056021,2.5,1.0
05-대구체육관로-가-0044,은행나무,35.89120133,128.6017747,2.5,1.0
05-대학로-가-0259,은행나무,35.89023819,128.6046237,2.5,1.0
05-대학로-가-0279,은행나무,35.88927312,128.6031581,2.5,1.0
05-대학로-가-0252,은행나무,35.89092308,128.6059561,2.5,1.0
05-대학로-가-0246,은행나무,35.89124877,128.6066743,2.5,1.0
05-대학로-가-0237,은행나무,35.89166442,128.6074951,2.5,1.0
05-대학로-가-0240,은행나무,35.89156119,128.6072895,2.5,1.0
05-대학로-가-0045,은행나무,35.89045954,128.6055593,2.5,1.0
05-대학로-가-0019,은행나무,35.88935818,128.6036598,2.5,1.0
05-동북로-가-0274,양버즘나무,35.89301494,128.6205861,2.5,1.0
05-대학로-가-0054,은행나무,35.89077195,128.6061786,2.5,1.0
05-연암로-가-0316,귀룽나무,35.88885493,128.6015078,2.5,1.0
05-대현로-가-0164,양버즘나무,35.88523222,128.6043569,2.5,1.0
05-대현로-가-0066,양버즘나무,35.88272476,128.6084595,2.5,1.0
05-대현로-가-0046,양버즘나무,35.88396273,128.6060768,2.5,1.0
05-대현로-가-0015,양버즘나무,35.88565001,128.6033056,2.5,1.0
05-산격로9길-가-0025,느티나무,35.89314428,128.6028915,2.5,1.0
05-대구체육관로-가-0017,은행나무,35.89125139,128.6020645,2.5,1.0
05-대구체육관로-가-0019,은행나무,35.89136464,128.6021927,2.5,1.0
05-대구체육관로-가-0012,은행나무,35.89079161,128.6015384,2.5,1.0
05-대학로-가-0261,은행나무,35.89016431,128.6044749,2.5,1.0
05-대학로-가-0281,은행나무,35.88915087,128.6030334,2.5,1.0
05-대현로-가-0097,은행나무,35.88146499,128.6117366,2.5,1.0
05-연암로-가-0004,왕벚나무,35.88845312,128.6019062,2.5,1.0
05-대현로-가-0193,왕벚나무,35.88746623,128.602253,2.5,1.0
05-대현로-가-0042,양버즘나무,35.88415363,128.605761,2.5,1.0
05-산격로9길-가-0032,느티나무,35.89279164,128.6028579,2.5,1.0
05-대학로-가-0241,은행나무,35.89143683,128.6070478,2.5,1.0
05-대학로-가-0245,은행나무,35.89128843,128.6067565,2.5,1.0
05-대학로-가-0226,은행나무,35.89218101,128.6085389,2.5,1.0
05-대학로-가-0039,은행나무,35.89023624,128.605111,2.5,1.0
05-대학로-가-0016,은행나무,35.88917353,128.6034045,2.5,1.0
05-대현로-가-0104,은행나무,35.88085544,128.6116468,2.5,1.0
05-연암로-가-0019,왕벚나무,35.88948143,128.6013057,2.5,1.0
05-연암로-가-0014,왕벚나무,35.88920551,128.6015513,2.5,1.0
05-대현로-가-0189,왕벚나무,35.88711241,128.602347,2.5,1.0
05-대현로-가-0150,양버즘나무,35.88433847,128.6058204,2.5,1.0
05-대현로-가-0082,양버즘나무,35.88213705,128.610498,2.5,1.0
05-대현로-가-0029,양버즘나무,35.88474274,128.6048126,2.5,1.0
05-대구체육관로-가-0036,은행나무,35.89168619,128.6022984,2.5,1.0
05-대구체육관로-가-0015,은행나무,35.89098804,128.6017601,2.5,1.0
05-대학로-가-0269,은행나무,35.88983196,128.6039181,2.5,1.0
05-대학로-가-0235,은행나무,35.89179117,128.6077513,2.5,1.0
05-대학로-가-0214,은행나무,35.89306261,128.6097178,2.5,1.0
05-대학로-가-0072,은행나무,35.89148628,128.6076179,2.5,1.0
05-대학로-가-0028,은행나무,35.88980015,128.6042824,2.5,1.0
05-칠성시장로-가-0086,이팝나무,35.87967221,128.6019928,2.5,1.0
05-대현로-가-0006,왕벚나무,35.88730621,128.6019592,2.5,1.0
05-대현로-가-0158,양버즘나무,35.88473693,128.6051355,2.5,1.0
05-대현로-가-0144,양버즘나무,35.88386473,128.6065651,2.5,1.0
05-대현로-가-0081,양버즘나무,35.88216782,128.6103821,2.5,1.0
05-대현로-가-0083,양버즘나무,35.88210986,128.6105961,2.5,1.0
05-대현로-가-0019,양버즘나무,35.88533783,128.6038055,2.5,1.0
05-대학로-가-0221,은행나무,35.89255054,128.6091371,2.5,1.0
05-대학로-가-0033,은행나무,35.89000762,128.6046526,2.5,1.0
05-대학로-가-0064,은행나무,35.89117208,128.6069794,2.5,1.0
05-대학로-가-0069,은행나무,35.89136377,128.607373,2.5,1.0
05-연암로-가-0322,왕벚나무,35.88838506,128.6016811,2.5,1.0
05-대현로-가-0062,양버즘나무,35.88288116,128.6079712,2.5,1.0
05-대구체육관로-가-0045,은행나무,35.89115697,128.6017221,2.5,1.0
05-대구체육관로-가-0049,은행나무,35.89090026,128.6014109,2.5,1.0
05-연암로-가-0002,왕벚나무,35.88836823,128.6019428,2.5,1.0
05-대학로-가-0289,은행나무,35.88868413,128.6025305,2.5,1.0
05-대학로-가-0287,은행나무,35.88879356,128.6026527,2.5,1.0
05-대현로-가-0180,양버즘나무,35.88612161,128.6028676,2.5,1.0
05-대현로-가-0152,양버즘나무,35.88443384,128.605646,2.5,1.0
05-대현로-가-0117,양버즘나무,35.88249334,128.6098492,2.5,1.0
05-대학로-가-0212,은행나무,35.89317867,128.6098494,2.5,1.0
05-대학로-가-0036,은행나무,35.89012709,128.604887,2.5,1.0
05-대학로-가-0060,은행나무,35.8910094,128.606654,2.5,1.0
05-대학로-가-0065,은행나무,35.8912089,128.607061,2.5,1.0
05-공평로-가-0046,은행나무,35.88019053,128.6013001,2.5,1.0
05-대학로-가-0013,은행나무,35.88884712,128.6030694,2.5,1.0
05-대학로-가-0248,은행나무,35.89116651,128.6065157,2.5,1.0
05-대학로-가-0222,은행나무,35.89249936,128.6090709,2.5,1.0
05-대학로-가-0059,은행나무,35.89096666,128.6065756,2.5,1.0
05-대학로-가-0062,은행나무,35.89109169,128.6068208,2.5,1.0
05-칠성시장로-가-0081,이팝나무,35.88016129,128.6016998,2.5,1.0
05-칠성시장로-가-0085,이팝나무,35.87981796,128.601944,2.5,1.0
05-동북로-가-0269,양버즘나무,35.89319408,128.6203481,2.5,1.0
05-대현로-가-0173,양버즘나무,35.88575942,128.6034522,2.5,1.0
05-대현로-가-0132,양버즘나무,35.88327495,128.6075371,2.5,1.0
05-대현로-가-0034,양버즘나무,35.88449478,128.6051941,2.5,1.0
05-대학로-가-0087,은행나무,35.89322639,128.6102433,2.5,1.0
05-대학로-가-0027,은행나무,35.88975397,128.6042081,2.5,1.0
05-경대로-가-0178,은행나무,35.88267899,128.6123657,2.5,1.0
05-연암로-가-0010,왕벚나무,35.88886719,128.6017579,2.5,1.0
05-대현로-가-0075,양버즘나무,35.88247293,128.6092987,2.5,1.0
05-산격로9길-가-0026,느티나무,35.8930901,128.6028907,2.5,1.0
05-대구체육관로-가-0029,은행나무,35.89201924,128.6026781,2.5,1.0
05-대구체육관로-가-0028,은행나무,35.89183944,128.6027237,2.5,1.0
05-대현로-가-0191,왕벚나무,35.88726454,128.6022978,2.5,1.0
05-대현로-가-0170,양버즘나무,35.88560945,128.6036982,2.5,1.0
05-대현로-가-0171,양버즘나무,35.88566432,128.603616,2.5,1.0
05-대현로-가-0146,양버즘나무,35.88407738,128.6062572,2.5,1.0
05-대현로-가-0127,양버즘나무,35.88285065,128.6085815,2.5,1.0
05-대현로-가-0113,양버즘나무,35.88239613,128.6101915,2.5,1.0
05-대현로-가-0038,소나무,35.88432693,128.6054688,2.5,1.0
05-대학로-가-0257,은행나무,35.89031342,128.6047668,2.5,1.0
05-대학로-가-0035,은행나무,35.89008444,128.6048039,2.5,1.0
05-대학로-가-0006,은행나무,35.8883307,128.6025423,2.5,1.0
05-공평로-가-0048,은행나무,35.88040993,128.6013468,2.5,1.0
05-대현로-가-0054,양버즘나무,35.88341522,128.6069946,2.5,1.0
05-대학로-가-0264,은행나무,35.89004583,128.6042583,2.5,1.0
05-대학로-가-0232,은행나무,35.89191511,128.6080173,2.5,1.0
05-대학로-가-0233,은행나무,35.89186643,128.6079139,2.5,1.0
05-대학로-가-0081,은행나무,35.89184367,128.6083456,2.5,1.0
05-칠성시장로-가-0080,이팝나무,35.88031446,128.601581,2.5,1.0
05-칠성시장로-가-0088,이팝나무,35.8794899,128.6021118,2.5,1.0
05-칠성시장로-가-0090,이팝나무,35.87935638,128.6022034,2.5,1.0
05-동북로-가-0272,양버즘나무,35.89309042,128.6204817,2.5,1.0
05-신암로-가-0010,양버즘나무,35.88056946,128.6114044,2.5,1.0
05-연암로-가-0017,왕벚나무,35.88936678,128.6014184,2.5,1.0
05-대현로-가-0001,왕벚나무,35.88766479,128.6018677,2.5,1.0
05-대현로-가-0155,양버즘나무,35.8845761,128.605399,2.5,1.0
05-대현로-가-0149,양버즘나무,35.88430774,128.6058782,2.5,1.0
05-대현로-가-0060,양버즘나무,35.88295746,128.6077728,2.5,1.0
05-대현로-가-0017,양버즘나무,35.88556817,128.6034396,2.5,1.0
05-대현로-가-0024,양버즘나무,35.88508087,128.6042342,2.5,1.0
05-대학로-가-0213,은행나무,35.89311827,128.6097808,2.5,1.0
05-대학로-가-0082,은행나무,35.89188582,128.608427,2.5,1.0
05-대학로-가-0032,은행나무,35.88996953,128.6045785,2.5,1.0
05-대학로-가-0047,은행나무,35.89054137,128.6057257,2.5,1.0
05-대구체육관로-가-0022,은행나무,35.89152907,128.6023798,2.5,1.0
05-대구체육관로-가-0016,은행나무,35.89119786,128.6020022,2.5,1.0
05-대학로-가-0266,은행나무,35.88996184,128.6041239,2.5,1.0
05-대현로-가-0177,양버즘나무,35.88599928,128.603064,2.5,1.0
05-대학로-가-0236,은행나무,35.89170583,128.6075769,2.5,1.0
05-대학로-가-0229,은행나무,35.89207164,128.6083346,2.5,1.0
05-대학로-가-0071,은행나무,35.89144602,128.6075395,2.5,1.0
05-대현로-가-0101,은행나무,35.88122559,128.6116943,2.5,1.0
05-연암로-가-0018,왕벚나무,35.88941758,128.6013735,2.5,1.0
05-대현로-가-0185,양버즘나무,35.88653504,128.6025029,2.5,1.0
05-대현로-가-0119,양버즘나무,35.88260421,128.6095017,2.5,1.0
05-산격로9길-가-0029,느티나무,35.89292908,128.602891,2.5,1.0
05-대학로-가-0022,은행나무,35.8895222,128.6038652,2.5,1.0
05-대현로-가-0098,은행나무,35.88141242,128.6117279,2.5,1.0
05-대현로-가-0183,양버즘나무,35.88641103,128.6025558,2.5,1.0
05-대현로-가-0079,양버즘나무,35.88232888,128.609817,2.5,1.0
05-대학로-가-0256,은행나무,35.89034803,128.6048454,2.5,1.0
05-대학로-가-0254,은행나무,35.89067814,128.6055184,2.5,1.0
05-대학로-가-0242,은행나무,35.89139997,128.6069791,2.5,1.0
05-대학로-가-0052,은행나무,35.89069723,128.606029,2.5,1.0
05-대학로-가-0073,은행나무,35.8915247,128.6077009,2.5,1.0
05-칠성시장로-가-0082,이팝나무,35.88009644,128.6017456,2.5,1.0
05-신암로-가-0011,양버즘나무,35.88052368,128.6113129,2.5,1.0
05-대현로-가-0167,양버즘나무,35.88545641,128.6039746,2.5,1.0
05-대현로-가-0148,양버즘나무,35.88419738,128.606065,2.5,1.0
05-대현로-가-0154,양버즘나무,35.88453636,128.6054796,2.5,1.0
05-대현로-가-0109,양버즘나무,35.88223147,128.6107794,2.5,1.0
05-대현로-가-0090,양버즘나무,35.88194275,128.6112671,2.5,1.0
05-대현로-가-0077,양버즘나무,35.88242289,128.6094798,2.5,1.0
05-대현로-가-0073,양버즘나무,35.88251905,128.6091349,2.5,1.0
05-대구체육관로-가-0011,은행나무,35.89073714,128.601477,2.5,1.0
05-대구체육관로-가-0014,은행나무,35.89089699,128.6016576,2.5,1.0
05-대학로-가-0023,은행나무,35.88956833,128.6039299,2.5,1.0
05-산격로9길-가-0035,느티나무,35.89269977,128.6028958,2.5,1.0
05-대구체육관로-가-0021,은행나무,35.89147668,128.6023206,2.5,1.0
05-대학로-가-0295,은행나무,35.88830494,128.6021399,2.5,1.0
05-대학로-가-0291,은행나무,35.88853071,128.6023887,2.5,1.0
05-대학로-가-0002,은행나무,35.88808438,128.6022955,2.5,1.0
05-대현로-가-0005,왕벚나무,35.88738251,128.6019287,2.5,1.0
05-연암로-가-0314,귀룽나무,35.88894733,128.6013242,2.5,1.0
05-연암로-가-0324,왕벚나무,35.88826478,128.6017164,2.5,1.0
05-대현로-가-0070,양버즘나무,35.88262939,128.6088409,2.5,1.0
05-대현로-가-0020,양버즘나무,35.88530731,128.6038666,2.5,1.0
05-대구체육관로-가-0048,은행나무,35.89095073,128.6014678,2.5,1.0
05-대구체육관로-가-0035,은행나무,35.89174286,128.6023634,2.5,1.0
05-대구체육관로-가-0038,은행나무,35.89158631,128.6021825,2.5,1.0
05-대학로-가-0273,은행나무,35.88962172,128.6035922,2.5,1.0
05-대학로-가-0268,은행나무,35.88987353,128.6039854,2.5,1.0
05-대학로-가-0247,은행나무,35.89120897,128.606596,2.5,1.0
05-대학로-가-0083,은행나무,35.89192809,128.6085082,2.5,1.0
05-대학로-가-0058,은행나무,35.89093402,128.6065054,2.5,1.0
05-대학로-가-0017,은행나무,35.88927967,128.6035403,2.5,1.0
05-대현로19길-가-0001,은행나무,35.88508346,128.6139823,2.5,1.0
05-신암로-가-0012,양버즘나무,35.88048553,128.6112366,2.5,1.0
05-대현로-가-0179,양버즘나무,35.88607512,128.6029427,2.5,1.0
05-대학로-가-0258,은행나무,35.89027561,128.6046957,2.5,1.0
05-대학로-가-0223,은행나무,35.89245264,128.6090051,2.5,1.0
05-대현로-가-0102,은행나무,35.88109435,128.6116805,2.5,1.0
05-대현로-가-0120,양버즘나무,35.88261522,128.6094036,2.5,1.0
05-대현로-가-0122,양버즘나무,35.88266038,128.6092431,2.5,1.0
05-대현로-가-0123,양버즘나무,35.88267859,128.609178,2.5,1.0
05-대현로-가-0086,양버즘나무,35.88202667,128.6109314,2.5,1.0
05-대현로-가-0057,양버즘나무,35.88320352,128.6073237,2.5,1.0
05-대현로-가-0010,양버즘나무,35.88597684,128.602769,2.5,1.0
05-산격로9길-가-0031,느티나무,35.89281936,128.6028865,2.5,1.0
05-대구체육관로-가-0032,은행나무,35.89185026,128.6024849,2.5,1.0
05-대구체육관로-가-0026,은행나무,35.89174564,128.6026265,2.5,1.0
05-대학로-가-0263,은행나무,35.89008675,128.6043315,2.5,1.0
05-대학로-가-0239,은행나무,35.89159578,128.6073658,2.5,1.0
05-대학로-가-0234,은행나무,35.8918172,128.6078176,2.5,1.0
05-대학로-가-0075,은행나무,35.89160321,128.6078579,2.5,1.0
05-신암로-가-0014,양버즘나무,35.87956619,128.610261,2.5,1.0
05-연암로-가-0011,왕벚나무,35.88891229,128.6017372,2.5,1.0
05-대현로-가-0196,왕벚나무,35.88771233,128.6021655,2.5,1.0
05-연암로-가-0318,왕벚나무,35.88872761,128.6015693,2.5,1.0
05-대현로-가-0165,양버즘나무,35.88529785,128.604245,2.5,1.0
05-대현로-가-0162,소나무,35.88498869,128.6047254,2.5,1.0
05-대현로-가-0134,양버즘나무,35.88336034,128.6073984,2.5,1.0
05-대현로-가-0138,양버즘나무,35.88352826,128.607124,2.5,1.0
05-대현로-가-0110,양버즘나무,35.88226261,128.6106684,2.5,1.0
05-대현로-가-0094,양버즘나무,35.88181848,128.6116526,2.5,1.0
05-대현로-가-0088,양버즘나무,35.88198471,128.6110992,2.5,1.0
05-대현로-가-0048,양버즘나무,35.8838596,128.6062447,2.5,1.0
05-대현로-가-0045,양버즘나무,35.88400001,128.6060135,2.5,1.0
05-대현로-가-0037,양버즘나무,35.88434982,128.6054382,2.5,1.0
05-대현로-가-0027,소나무,35.88486099,128.6046143,2.5,1.0
05-대현로-가-0011,양버즘나무,35.8859154,128.6028697,2.5,1.0
05-대학로-가-0260,은행나무,35.89020292,128.6045501,2.5,1.0
05-대학로-가-0228,은행나무,35.89210082,128.6083891,2.5,1.0
05-대학로-가-0031,은행나무,35.88992775,128.6045036,2.5,1.0
05-대학로-가-0051,은행나무,35.89065979,128.6059545,2.5,1.0
05-대학로-가-0057,은행나무,35.89089026,128.6064215,2.5,1.0
05-대학로-가-0066,은행나무,35.89124923,128.6071389,2.5,1.0
05-대학로-가-0070,은행나무,35.89140882,128.6074585,2.5,1.0
05-대학로-가-0050,은행나무,35.89063733,128.6059112,2.5,1.0
05-대학로-가-0030,은행나무,35.88988698,128.6044243,2.5,1.0
05-대학로-가-0040,은행나무,35.89027109,128.6051781,2.5,1.0
05-신암로-가-0013,양버즘나무,35.88043976,128.6111755,2.5,1.0
05-연암로-가-0007,왕벚나무,35.8885897,128.6018706,2.5,1.0
05-대현로-가-0009,왕벚나무,35.88708115,128.602005,2.5,1.0
05-연암로-가-0315,귀룽나무,35.88891833,128.6014666,2.5,1.0
05-연암로-가-0325,왕벚나무,35.88818455,128.6017377,2.5,1.0
05-연암로-가-0321,왕벚나무,35.88845916,128.6016579,2.5,1.0
05-대현로-가-0111,양버즘나무,35.88232343,128.6104516,2.5,1.0
05-대현로-가-0114,양버즘나무,35.88241956,128.6101095,2.5,1.0
05-대현로-가-0012,양버즘나무,35.88586881,128.6029476,2.5,1.0
05-대현로-가-0014,양버즘나무,35.8857459,128.6031454,2.5,1.0
05-대학로-가-0238,은행나무,35.89163482,128.6074506,2.5,1.0
05-대학로-가-0230,은행나무,35.89197116,128.6081211,2.5,1.0
05-대학로-가-0034,은행나무,35.89004528,128.6047257,2.5,1.0
05-대학로-가-0044,은행나무,35.89042003,128.6054879,2.5,1.0
05-대현로-가-0099,은행나무,35.88136228,128.6117186,2.5,1.0
05-연암로-가-0013,왕벚나무,35.88903735,128.6016727,2.5,1.0
05-대현로-가-0186,양버즘나무,35.88663913,128.6024734,2.5,1.0
05-대현로-가-0172,양버즘나무,35.88570296,128.6035503,2.5,1.0
05-대현로-가-0151,양버즘나무,35.88436839,128.6057757,2.5,1.0
05-대현로-가-0133,양버즘나무,35.88331672,128.6074698,2.5,1.0
05-대현로-가-0124,양버즘나무,35.88274174,128.6089518,2.5,1.0
05-대현로-가-0126,양버즘나무,35.88278785,128.608784,2.5,1.0
05-대학로-가-0255,은행나무,35.89063652,128.6054292,2.5,1.0
05-대학로-가-0251,은행나무,35.89095104,128.6060614,2.5,1.0
05-대학로-가-0020,은행나무,35.88942949,128.603741,2.5,1.0
05-대현로-가-0096,은행나무,35.88157959,128.6117574,2.5,1.0
05-대현로-가-0036,양버즘나무,35.88440323,128.6053467,2.5,1.0
05-대구체육관로-가-0031,은행나무,35.89189936,128.6025414,2.5,1.0
05-대학로-가-0280,은행나무,35.88921533,128.6030812,2.5,1.0
05-대학로-가-0270,은행나무,35.88977465,128.6037808,2.5,1.0
05-대학로-가-0249,은행나무,35.89113305,128.6064463,2.5,1.0
05-대학로-가-0018,은행나무,35.88932216,128.6036098,2.5,1.0
05-대학로-가-0001,은행나무,35.88800263,128.6022363,2.5,1.0
05-칠성시장로-가-0087,이팝나무,35.87960981,128.6020235,2.5,1.0
05-대현로-가-0176,양버즘나무,35.88596874,128.6031157,2.5,1.0
05-대현로-가-0131,양버즘나무,35.88323288,128.6076076,2.5,1.0
05-대현로-가-0080,양버즘나무,35.8821907,128.6102753,2.5,1.0
05-대현로-가-0085,양버즘나무,35.88204193,128.6108398,2.5,1.0
05-대현로-가-0055,양버즘나무,35.8832732,128.607216,2.5,1.0
05-대현로-가-0016,양버즘나무,35.88560848,128.6033683,2.5,1.0
05-대학로-가-0220,은행나무,35.89275306,128.6093735,2.5,1.0
05-대학로-가-0042,은행나무,35.89035192,128.6053483,2.5,1.0
05-칠성시장로-가-0084,이팝나무,35.87989426,128.6018829,2.5,1.0
05-동북로-가-0271,양버즘나무,35.89311931,128.620444,2.5,1.0
05-대구체육관로-가-0040,은행나무,35.89140575,128.6020041,2.5,1.0
02-신성로-가-0096,은행나무,35.88006842,128.6123006,2.5,1.0
02-아양로7길-가-0014,이팝나무,35.88300203,128.6169283,2.5,1.0
02-아양로8길-가-0025,이팝나무,35.87927992,128.6197967,2.5,1.0
02-신성로-가-0077,은행나무,35.88036691,128.6138826,2.5,1.0
02-송라로-가-0123,칠엽수,35.88072038,128.6144357,2.5,1.0
02-아양로-가-0529,양버즘나무,35.882252,128.6192366,2.5,1.0
02-아양로-가-0537,양버즘나무,35.8819215,128.6175421,2.5,1.0
02-아양로-가-0031,양버즘나무,35.88192279,128.6184428,2.5,1.0
02-대현로-가-0011,은행나무,35.88167543,128.6118882,2.5,1.0
02-대현로-가-0027,양버즘나무,35.88119136,128.6136344,2.5,1.0
02-신암로-가-0039,양버즘나무,35.87986755,128.6108551,2.5,1.0
02-신성로-가-0047,은행나무,35.87999058,128.6123634,2.5,1.0
02-아양로8길-가-0008,이팝나무,35.88097259,128.6190527,2.5,1.0
02-아양로8길-가-0020,이팝나무,35.87985329,128.6194984,2.5,1.0
02-아양로8길-가-0070,느티나무,35.88156661,128.6190651,2.5,1.0
02-아양로-가-0524,양버즘나무,35.88237447,128.6198434,2.5,1.0
02-아양로-가-0532,양버즘나무,35.88217447,128.6187947,2.5,1.0
02-대현로-가-0003,은행나무,35.8810027,128.6117618,2.5,1.0
02-대현로-가-0010,은행나무,35.88159964,128.6118682,2.5,1.0
02-아양로-가-0025,양버즘나무,35.88170815,128.6174771,2.5,1.0
02-아양로-가-0002,양버즘나무,35.88115245,128.6146826,2.5,1.0
02-아양로-가-0010,양버즘나무,35.88133516,128.6156078,2.5,1.0
02-아양로-가-0546,양버즘나무,35.88156068,128.6157072,2.5,1.0
02-신암로-가-0084,양버즘나무,35.88083158,128.6122294,2.5,1.0
02-신성로-가-0092,은행나무,35.88036283,128.6130937,2.5,1.0
02-아양로-가-0520,양버즘나무,35.88254782,128.6205196,2.5,1.0
02-신성로-가-0101,은행나무,35.87981226,128.6119063,2.5,1.0
02-송라로-가-0138,칠엽수,35.87974244,128.6146886,2.5,1.0
02-송라로-가-0106,칠엽수,35.87938667,128.6151309,2.5,1.0
02-신암로-가-0044,양버즘나무,35.88016076,128.6111425,2.5,1.0
02-신암로-가-0038,양버즘나무,35.87981044,128.6107896,2.5,1.0
02-아양로-가-0534,양버즘나무,35.88212768,128.6185705,2.5,1.0
02-신암로-가-0083,양버즘나무,35.88085012,128.6123195,2.5,1.0
02-아양로8길-가-0048,이팝나무,35.87931522,128.6199351,2.5,1.0
02-송라로-가-0134,칠엽수,35.88002737,128.6145438,2.5,1.0
02-송라로-가-0117,칠엽수,35.88017062,128.6147339,2.5,1.0
02-송라로-가-0116,칠엽수,35.88010901,128.614767,2.5,1.0
02-아양로-가-0015,양버즘나무,35.88142333,128.6160543,2.5,1.0
02-대현로-가-0029,양버즘나무,35.88135075,128.6139617,2.5,1.0
02-아양로-가-0543,양버즘나무,35.88177068,128.616772,2.5,1.0
02-대현로-가-0038,양버즘나무,35.88163937,128.6129132,2.5,1.0
02-대현로-가-0040,양버즘나무,35.88170632,128.6126702,2.5,1.0
02-대현로-가-0022,양버즘나무,35.88144874,128.6129684,2.5,1.0
02-신성로-가-0036,은행나무,35.87934212,128.6115349,2.5,1.0
02-신성로-가-0088,은행나무,35.88039238,128.6133244,2.5,1.0
02-아양로8길-가-0053,이팝나무,35.87974282,128.6197107,2.5,1.0
02-송라로-가-0142,칠엽수,35.87947004,128.6148418,2.5,1.0
02-송라로-가-0115,칠엽수,35.88005585,128.6147956,2.5,1.0
02-아양로-가-0527,양버즘나무,35.88228431,128.6194041,2.5,1.0
02-아양로-가-0521,양버즘나무,35.88243702,128.6201253,2.5,1.0
02-아양로-가-0034,양버즘나무,35.88195542,128.6186903,2.5,1.0
02-아양로-가-0023,양버즘나무,35.881636,128.6171231,2.5,1.0
02-아양로-가-0008,양버즘나무,35.88129672,128.6154131,2.5,1.0
02-아양로-가-0559,양버즘나무,35.88129074,128.6142086,2.5,1.0
02-아양로-가-0542,양버즘나무,35.88178812,128.6168632,2.5,1.0
02-대현로-가-0017,양버즘나무,35.88155975,128.6125736,2.5,1.0
02-신성로-가-0040,은행나무,35.8795203,128.6117406,2.5,1.0
02-신성로-가-0106,은행나무,35.87953048,128.6115567,2.5,1.0
02-아양로8길-가-0012,이팝나무,35.88066712,128.6191208,2.5,1.0
02-송라로-가-0135,칠엽수,35.87996517,128.614576,2.5,1.0
02-송라로-가-0111,칠엽수,35.87975932,128.6149502,2.5,1.0
02-송라로-가-0114,칠엽수,35.87998726,128.6148324,2.5,1.0
02-송라로-가-0109,칠엽수,35.87958936,128.6150243,2.5,1.0
02-대현로-가-0007,은행나무,35.88128718,128.6118127,2.5,1.0
02-아양로-가-0544,양버즘나무,35.88160404,128.6159268,2.5,1.0
02-신암로-가-0082,양버즘나무,35.88088067,128.6124683,2.5,1.0
02-신암로-가-0068,양버즘나무,35.88107245,128.6134135,2.5,1.0
02-대현로-가-0018,양버즘나무,35.88153184,128.6126736,2.5,1.0
02-신암로-가-0063,양버즘나무,35.88090447,128.6135522,2.5,1.0
02-신암로-가-0051,양버즘나무,35.8806037,128.6121042,2.5,1.0
02-신암로-가-0050,양버즘나무,35.88058886,128.6120212,2.5,1.0
02-아양로8길-가-0001,이팝나무,35.88189254,128.6188339,2.5,1.0
02-아양로8길-가-0061,이팝나무,35.88049311,128.6193204,2.5,1.0
02-아양로8길-가-0074,느티나무,35.88190925,128.6189967,2.5,1.0
02-아양로-가-0530,양버즘나무,35.88221079,128.6189756,2.5,1.0
02-대현로-가-0037,양버즘나무,35.88161906,128.6129861,2.5,1.0
02-아양로-가-0547,양버즘나무,35.88154121,128.6156086,2.5,1.0
02-대현로-가-0013,양버즘나무,35.88172313,128.6119885,2.5,1.0
02-아양로8길-가-0017,이팝나무,35.88030645,128.6192604,2.5,1.0
02-신성로-가-0076,은행나무,35.88037861,128.6139315,2.5,1.0
02-아양로-가-0536,양버즘나무,35.8819961,128.6179267,2.5,1.0
02-아양로7길-가-0003,이팝나무,35.88204752,128.6172106,2.5,1.0
02-송라로-가-0133,칠엽수,35.88011628,128.6144947,2.5,1.0
02-송라로-가-0118,칠엽수,35.88026461,128.6146834,2.5,1.0
02-대현로-가-0001,은행나무,35.88086539,128.6117374,2.5,1.0
02-신암로-가-0061,양버즘나무,35.88085139,128.6133741,2.5,1.0
02-아양로7길-가-0009,이팝나무,35.88247054,128.6170822,2.5,1.0
02-아양로8길-가-0018,이팝나무,35.88020778,128.6193104,2.5,1.0
02-아양로8길-가-0062,이팝나무,35.88055603,128.6193001,2.5,1.0
02-아양로8길-가-0073,느티나무,35.88179183,128.6190108,2.5,1.0
02-송라로-가-0129,칠엽수,35.88058512,128.6142505,2.5,1.0
02-송라로-가-0130,칠엽수,35.88052146,128.6142879,2.5,1.0
02-송라로-가-0122,칠엽수,35.88064121,128.6144775,2.5,1.0
02-아양로-가-0032,양버즘나무,35.88192944,128.618566,2.5,1.0
02-대현로-가-0008,은행나무,35.88136682,128.6118268,2.5,1.0
02-아양로-가-0003,양버즘나무,35.88117048,128.6147739,2.5,1.0
02-아양로-가-0004,양버즘나무,35.88119658,128.614906,2.5,1.0
02-신암로-가-0054,양버즘나무,35.88070869,128.6127409,2.5,1.0
02-신성로-가-0079,은행나무,35.88033463,128.6137278,2.5,1.0
02-아양로8길-가-0015,이팝나무,35.88047571,128.6191762,2.5,1.0
02-아양로-가-0030,양버즘나무,35.88185644,128.6182066,2.5,1.0
02-신암로-가-0037,양버즘나무,35.87947746,128.6105234,2.5,1.0
02-신성로-가-0068,은행나무,35.87967623,128.6142594,2.5,1.0
02-대현로-가-0006,은행나무,35.88120775,128.6117986,2.5,1.0
02-대현로-가-0004,은행나무,35.88107581,128.6117751,2.5,1.0
02-아양로-가-0557,양버즘나무,35.88130855,128.6144305,2.5,1.0
02-대현로-가-0043,양버즘나무,35.88178365,128.6123927,2.5,1.0
02-신암로-가-0059,양버즘나무,35.88081855,128.6131908,2.5,1.0
02-신암로-가-0040,양버즘나무,35.87990365,128.6108911,2.5,1.0
02-신성로-가-0048,은행나무,35.88001641,128.612397,2.5,1.0
02-아양로-가-0038,양버즘나무,35.88226913,128.6202516,2.5,1.0
02-아양로-가-0041,양버즘나무,35.88235172,128.6205503,2.5,1.0
02-아양로-가-0539,양버즘나무,35.88188356,128.6173421,2.5,1.0
02-아양로-가-0006,양버즘나무,35.88122534,128.6150517,2.5,1.0
02-대현로-가-0014,양버즘나무,35.8817003,128.6120705,2.5,1.0
02-신암로-가-0041,양버즘나무,35.87995472,128.6109365,2.5,1.0
02-신성로-가-0095,은행나무,35.88012723,128.6124227,2.5,1.0
02-아양로8길-가-0066,느티나무,35.8808868,128.619218,2.5,1.0
02-신성로-가-0074,은행나무,35.88041047,128.6140724,2.5,1.0
02-송라로-가-0124,칠엽수,35.88077547,128.6144057,2.5,1.0
02-아양로-가-0522,양버즘나무,35.88241519,128.6200361,2.5,1.0
02-아양로-가-0039,양버즘나무,35.8822979,128.6203603,2.5,1.0
02-아양로-가-0535,양버즘나무,35.88211456,128.6184861,2.5,1.0
02-아양로-가-0028,양버즘나무,35.88181678,128.6180149,2.5,1.0
02-대현로-가-0032,양버즘나무,35.88148813,128.6134547,2.5,1.0
02-대현로-가-0021,양버즘나무,35.88146937,128.6128944,2.5,1.0
02-대현로-가-0025,양버즘나무,35.88132909,128.6134032,2.5,1.0
02-아양로-가-0029,양버즘나무,35.88184025,128.618131,2.5,1.0
02-신성로-가-0103,은행나무,35.87971507,128.6117637,2.5,1.0
02-신성로-가-0107,은행나무,35.87948572,128.6115086,2.5,1.0
02-신성로-가-0071,은행나무,35.88045812,128.6142597,2.5,1.0
02-아양로-가-0011,양버즘나무,35.88135042,128.615685,2.5,1.0
02-대현로-가-0036,양버즘나무,35.88158586,128.6131018,2.5,1.0
02-신암로-가-0087,양버즘나무,35.8807564,128.6118609,2.5,1.0
02-아양로8길-가-0047,이팝나무,35.87926035,128.6199631,2.5,1.0
02-아양로8길-가-0052,느티나무,35.87968558,128.6197377,2.5,1.0
02-아양로-가-0035,양버즘나무,35.88196994,128.619013,2.5,1.0
02-아양로8길-가-0005,이팝나무,35.88140515,128.6189539,2.5,1.0
02-아양로8길-가-0013,이팝나무,35.88061404,128.6191351,2.5,1.0
02-송라로-가-0113,칠엽수,35.87985851,128.6149016,2.5,1.0
02-아양로-가-0523,양버즘나무,35.88239679,128.6199469,2.5,1.0
02-신암로-가-0085,양버즘나무,35.88082007,128.6121733,2.5,1.0
02-아양로-가-0013,양버즘나무,35.8813864,128.6158672,2.5,1.0
02-아양로-가-0548,양버즘나무,35.88152229,128.6155128,2.5,1.0
02-신성로-가-0078,은행나무,35.88035052,128.6138097,2.5,1.0
02-신성로-가-0080,은행나무,35.88045719,128.6136349,2.5,1.0
02-아양로8길-가-0056,이팝나무,35.88017826,128.6194809,2.5,1.0
02-송라로-가-0140,칠엽수,35.87957974,128.6147813,2.5,1.0
02-대현로-가-0045,양버즘나무,35.88184992,128.6121559,2.5,1.0
02-신암로-가-0056,양버즘나무,35.88077848,128.6129232,2.5,1.0
02-신암로-가-0058,양버즘나무,35.88081368,128.613101,2.5,1.0
02-신암로-가-0049,양버즘나무,35.8805748,128.6119544,2.5,1.0
02-아양로7길-가-0015,이팝나무,35.88307098,128.6169103,2.5,1.0
02-송라로-가-0145,칠엽수,35.87920905,128.6149848,2.5,1.0
02-신성로-가-0067,은행나무,35.87936591,128.6145145,2.5,1.0
02-송라로-가-0121,칠엽수,35.88057178,128.6145167,2.5,1.0
02-아양로-가-0553,양버즘나무,35.88137128,128.6147482,2.5,1.0
02-신암로-가-0064,양버즘나무,35.88091307,128.6136873,2.5,1.0
02-아양로8길-가-0010,이팝나무,35.88086208,128.6190771,2.5,1.0
02-아양로8길-가-0022,이팝나무,35.87951225,128.6196728,2.5,1.0
02-신성로-가-0075,은행나무,35.88039267,128.6139981,2.5,1.0
02-대현로-가-0005,은행나무,35.88115333,128.6117887,2.5,1.0
02-대현로-가-0009,은행나무,35.88144634,128.6118409,2.5,1.0
02-아양로-가-0012,양버즘나무,35.88136874,128.6157778,2.5,1.0
02-아양로-가-0016,양버즘나무,35.88142843,128.6161176,2.5,1.0
02-아양로-가-0540,양버즘나무,35.8818259,128.6170608,2.5,1.0
02-신암로-가-0046,양버즘나무,35.88047011,128.6116275,2.5,1.0
02-아양로8길-가-0002,이팝나무,35.8816224,128.6189066,2.5,1.0
02-아양로8길-가-0055,이팝나무,35.87990697,128.6196267,2.5,1.0
02-아양로8길-가-0049,이팝나무,35.87950119,128.6198345,2.5,1.0
02-아양로-가-0531,양버즘나무,35.88219194,128.6188805,2.5,1.0
02-아양로-가-0027,양버즘나무,35.88180194,128.6179441,2.5,1.0
02-신성로-가-0105,은행나무,35.87961525,128.6116452,2.5,1.0
02-신성로-가-0102,은행나무,35.87975233,128.611821,2.5,1.0
02-송라로-가-0136,칠엽수,35.87991315,128.6146039,2.5,1.0
02-송라로-가-0108,칠엽수,35.87953557,128.6150591,2.5,1.0
02-아양로-가-0022,양버즘나무,35.88161608,128.6170189,2.5,1.0
02-대현로-가-0028,양버즘나무,35.88132038,128.6140599,2.5,1.0
02-대현로-가-0034,양버즘나무,35.88153475,128.613288,2.5,1.0
02-아양로8길-가-0021,이팝나무,35.87973373,128.6195595,2.5,1.0
02-아양로8길-가-0051,이팝나무,35.87962349,128.6197718,2.5,1.0
02-아양로-가-0040,양버즘나무,35.88232585,128.6204524,2.5,1.0
02-아양로-가-0017,양버즘나무,35.88145357,128.6161749,2.5,1.0
02-아양로-가-0005,양버즘나무,35.88121175,128.6149829,2.5,1.0
02-아양로7길-가-0007,이팝나무,35.88231441,128.617133,2.5,1.0
02-송라로-가-0144,칠엽수,35.87928035,128.6149441,2.5,1.0
02-아양로-가-0020,양버즘나무,35.88154104,128.6166279,2.5,1.0
02-아양로-가-0014,양버즘나무,35.88140637,128.6159684,2.5,1.0
02-아양로8길-가-0014,이팝나무,35.88054345,128.6191557,2.5,1.0
02-아양로8길-가-0058,이팝나무,35.88031032,128.6194144,2.5,1.0
02-아양로8길-가-0067,느티나무,35.88094637,128.6192048,2.5,1.0
02-아양로-가-0538,양버즘나무,35.88189945,128.6174259,2.5,1.0
02-아양로-가-0009,양버즘나무,35.88131813,128.6155215,2.5,1.0
02-대현로-가-0042,양버즘나무,35.88175123,128.6125094,2.5,1.0
02-대현로-가-0024,양버즘나무,35.88136177,128.6132795,2.5,1.0
02-신암로-가-0048,양버즘나무,35.88054869,128.6118497,2.5,1.0
02-아양로8길-가-0007,이팝나무,35.88104991,128.619036,2.5,1.0
02-아양로8길-가-0050,이팝나무,35.87956506,128.6198017,2.5,1.0
02-송라로-가-0132,칠엽수,35.88018345,128.6144586,2.5,1.0
02-신성로-가-0069,은행나무,35.87979436,128.614166,2.5,1.0
02-신성로-가-0070,은행나무,35.87994709,128.6140383,2.5,1.0
02-신성로-가-0073,은행나무,35.88042556,128.6141237,2.5,1.0
02-신암로-가-0066,칠엽수,35.88094916,128.6139765,2.5,1.0
02-송라로-가-0110,칠엽수,35.87965949,128.6150026,2.5,1.0
02-대현로-가-0002,은행나무,35.88093349,128.6117496,2.5,1.0
02-신암로-가-0067,양버즘나무,35.88109604,128.6135256,2.5,1.0
02-신암로-가-0071,양버즘나무,35.88102988,128.613203,2.5,1.0
02-신성로-가-0081,은행나무,35.8806252,128.6136122,2.5,1.0
02-신암로-가-0062,양버즘나무,35.88088486,128.6134588,2.5,1.0
02-신암로-가-0047,양버즘나무,35.88051045,128.6117188,2.5,1.0
02-아양로8길-가-0009,이팝나무,35.88091342,128.6190658,2.5,1.0
02-아양로8길-가-0024,이팝나무,35.8793357,128.6197673,2.5,1.0
02-송라로-가-0112,칠엽수,35.87979507,128.6149357,2.5,1.0
02-아양로-가-0528,양버즘나무,35.88226905,128.6193253,2.5,1.0
02-아양로-가-0037,양버즘나무,35.88222436,128.6200664,2.5,1.0
02-아양로-가-0021,양버즘나무,35.88159979,128.6169338,2.5,1.0
02-아양로-가-0007,양버즘나무,35.88127531,128.6153047,2.5,1.0
02-아양로-가-0019,양버즘나무,35.88148939,128.6164195,2.5,1.0
02-신암로-가-0086,양버즘나무,35.88078327,128.6119927,2.5,1.0
02-신성로-가-0086,은행나무,35.88062827,128.6135323,2.5,1.0
02-신성로-가-0083,은행나무,35.88070674,128.6135801,2.5,1.0
02-신암로-가-0042,양버즘나무,35.88000574,128.6109821,2.5,1.0
02-아양로8길-가-0057,이팝나무,35.88023254,128.6194536,2.5,1.0
02-아양로8길-가-0072,느티나무,35.8817328,128.6190257,2.5,1.0
02-대현로-가-0039,양버즘나무,35.88167002,128.6128032,2.5,1.0
02-대현로-가-0031,양버즘나무,35.88145657,128.6135675,2.5,1.0
02-신암로-가-0077,양버즘나무,35.88098452,128.612979,2.5,1.0
02-아양로7길-가-0016,이팝나무,35.88313772,128.6168895,2.5,1.0
02-아양로-가-0024,양버즘나무,35.88168751,128.6173762,2.5,1.0
02-아양로8길-가-0019,이팝나무,35.8799202,128.619464,2.5,1.0
02-아양로8길-가-0054,이팝나무,35.87984295,128.6196595,2.5,1.0
02-아양로8길-가-0060,이팝나무,35.88043781,128.6193492,2.5,1.0
02-아양로-가-0036,양버즘나무,35.88210417,128.6194859,2.5,1.0
02-아양로-가-0533,양버즘나무,35.8821512,128.6186877,2.5,1.0
02-아양로-가-0554,양버즘나무,35.88135938,128.6146879,2.5,1.0
02-아양로-가-0556,양버즘나무,35.88132756,128.6145268,2.5,1.0
02-송라로-가-0141,칠엽수,35.87952905,128.6148098,2.5,1.0
02-대현로-가-0026,양버즘나무,35.88126487,128.613626,2.5,1.0
02-아양로8길-가-0063,이팝나무,35.88062516,128.6192798,2.5,1.0
02-아양로8길-가-0071,느티나무,35.88166481,128.6190432,2.5,1.0
02-신암로-가-0065,양버즘나무,35.88096256,128.6138281,2.5,1.0
02-신성로-가-0082,은행나무,35.8806632,128.6135984,2.5,1.0
02-신암로-가-0036,양버즘나무,35.87940207,128.6104597,2.5,1.0
02-신성로-가-0090,은행나무,35.8803822,128.6132159,2.5,1.0
02-대현로-가-0041,양버즘나무,35.88173157,128.6125793,2.5,1.0
02-아양로8길-가-0003,이팝나무,35.8815556,128.6189213,2.5,1.0
02-송라로-가-0126,칠엽수,35.88090253,128.6143368,2.5,1.0
02-아양로-가-0551,양버즘나무,35.88141265,128.6149576,2.5,1.0
02-아양로-가-0552,양버즘나무,35.88138436,128.6148191,2.5,1.0
02-아양로-가-0549,양버즘나무,35.88150901,128.6154549,2.5,1.0
02-신암로-가-0043,양버즘나무,35.88006567,128.611037,2.5,1.0
02-신성로-가-0098,은행나무,35.88002406,128.612231,2.5,1.0
02-신성로-가-0099,은행나무,35.87997454,128.6121448,2.5,1.0
02-신성로-가-0100,은행나무,35.87986888,128.611985,2.5,1.0
02-아양로8길-가-0004,이팝나무,35.88145965,128.6189421,2.5,1.0
02-아양로-가-0033,양버즘나무,35.88194245,128.6186282,2.5,1.0
02-아양로-가-0541,양버즘나무,35.88180714,128.6169627,2.5,1.0
02-신암로-가-0088,양버즘나무,35.88077962,128.6117967,2.5,1.0
02-신암로-가-0073,양버즘나무,35.8810065,128.6130874,2.5,1.0
02-신암로-가-0057,양버즘나무,35.88079914,128.6130289,2.5,1.0
02-신성로-가-0089,은행나무,35.88038969,128.6132604,2.5,1.0
02-신성로-가-0093,은행나무,35.88035162,128.613039,2.5,1.0
02-신성로-가-0094,은행나무,35.88031367,128.6128882,2.5,1.0
02-아양로8길-가-0059,이팝나무,35.88036262,128.6193877,2.5,1.0
02-아양로8길-가-0064,느티나무,35.8807259,128.619253,2.5,1.0
02-아양로-가-0555,양버즘나무,35.88134557,128.614618,2.5,1.0
02-대현로-가-0033,양버즘나무,35.88151452,128.6133569,2.5,1.0
02-대현로-가-0015,양버즘나무,35.88166571,128.6121941,2.5,1.0
02-아양로8길-가-0026,이팝나무,35.87921596,128.6198299,2.5,1.0
02-송라로-가-0137,칠엽수,35.87981571,128.6146569,2.5,1.0
02-송라로-가-0119,칠엽수,35.88033849,128.6146452,2.5,1.0
02-송라로-가-0105,칠엽수,35.87932485,128.615149,2.5,1.0
02-아양로-가-0026,양버즘나무,35.88173043,128.6175913,2.5,1.0
02-아양로-가-0558,양버즘나무,35.88129017,128.614258,2.5,1.0
02-대현로-가-0035,양버즘나무,35.88156514,128.6131793,2.5,1.0
02-대현로-가-0019,양버즘나무,35.88150679,128.6127667,2.5,1.0
02-대현로-가-0012,은행나무,35.88170547,128.6119448,2.5,1.0
02-신암로-가-0060,양버즘나무,35.88083671,128.6132926,2.5,1.0
02-신성로-가-0087,은행나무,35.88039325,128.6133808,2.5,1.0
02-아양로8길-가-0011,이팝나무,35.88077901,128.6190953,2.5,1.0
02-아양로8길-가-0016,이팝나무,35.88037456,128.6192257,2.5,1.0
02-아양로8길-가-0068,느티나무,35.88104943,128.6191822,2.5,1.0
02-아양로8길-가-0069,느티나무,35.88150455,128.6190786,2.5,1.0
02-송라로-가-0120,칠엽수,35.88040614,128.6146073,2.5,1.0
02-아양로-가-0526,양버즘나무,35.88232586,128.6196142,2.5,1.0
02-대현로-가-0020,양버즘나무,35.88149191,128.6128135,2.5,1.0
02-대현로-가-0016,양버즘나무,35.88164069,128.6122842,2.5,1.0
02-신성로-가-0085,은행나무,35.88071319,128.6135067,2.5,1.0
02-신성로-가-0104,은행나무,35.87967942,128.6117214,2.5,1.0
02-송라로-가-0127,칠엽수,35.88083238,128.6141291,2.5,1.0
02-송라로-가-0125,칠엽수,35.88084441,128.6143658,2.5,1.0
02-아양로-가-0550,양버즘나무,35.88142933,128.6150421,2.5,1.0
02-아양로-가-0545,양버즘나무,35.88158127,128.6158115,2.5,1.0
02-대현로-가-0046,양버즘나무,35.8818738,128.6121193,2.5,1.0
02-대현로-가-0044,양버즘나무,35.88180019,128.612333,2.5,1.0
02-대현로-가-0023,양버즘나무,35.88138625,128.613192,2.5,1.0
02-신암로-가-0069,양버즘나무,35.8810513,128.6133089,2.5,1.0
02-신암로-가-0079,양버즘나무,35.88096008,128.6128606,2.5,1.0
02-신암로-가-0045,양버즘나무,35.88040881,128.6115264,2.5,1.0
02-신성로-가-0037,은행나무,35.87938642,128.6115844,2.5,1.0
02-신성로-가-0097,은행나무,35.88004704,128.6122612,2.5,1.0
02-아양로8길-가-0046,이팝나무,35.87920883,128.6199898,2.5,1.0
02-송라로-가-0131,칠엽수,35.88024118,128.6144276,2.5,1.0
02-송라로-가-0139,칠엽수,35.87969372,128.6147375,2.5,1.0
02-신성로-가-0072,은행나무,35.88044056,128.6141864,2.5,1.0
02-송라로-가-0128,칠엽수,35.88076369,128.6141554,2.5,1.0
02-대현로-가-0030,양버즘나무,35.88141356,128.6137488,2.5,1.0
02-신암로-가-0081,양버즘나무,35.88090129,128.6125695,2.5,1.0
02-신암로-가-0080,양버즘나무,35.88092436,128.612681,2.5,1.0
02-신암로-가-0055,양버즘나무,35.88075452,128.6128247,2.5,1.0
02-아양로-가-0001,양버즘나무,35.88114292,128.6145804,2.5,1.0
05-대현로19길-가-0003,은행나무,35.88492966,128.6140289,2.5,1.0
05-대학로-가-0084,느티나무,35.89243399,128.6094759,2.5,1.0
05-대학로-가-0086,느티나무,35.89255361,128.6096279,2.5,1.0
05-대학로-가-0085,느티나무,35.89249827,128.6095547,2.5,1.0
05-대현남로6길-가-0001,왕벚나무,35.88127596,128.6073497,2.5,1.0
05-대현남로6길-가-0002,왕벚나무,35.88122958,128.6074484,2.5,1.0
05-대현남로6길-가-0004,왕벚나무,35.88116696,128.6075828,2.5,1.0
05-대현남로6길-가-0003,왕벚나무,35.88120167,128.6075143,2.5,1.0
05-대현남로6길-가-0005,왕벚나무,35.88112759,128.6076623,2.5,1.0
05-대현남로6길-가-0006,왕벚나무,35.88108561,128.6077694,2.5,1.0
05-대현남로6길-가-0007,왕벚나무,35.88105773,128.6078325,2.5,1.0
05-대현남로6길-가-0008,왕벚나무,35.88101611,128.6079119,2.5,1.0
05-대현남로6길-가-0009,왕벚나무,35.88098129,128.6079887,2.5,1.0
05-대현남로6길-가-0010,왕벚나무,35.88094651,128.6080628,2.5,1.0
05-대현남로6길-가-0011,왕벚나무,35.88091379,128.6081507,2.5,1.0
05-대현남로6길-가-0012,왕벚나무,35.88088122,128.6082276,2.5,1.0
05-대현남로6길-가-0013,왕벚나무,35.88084193,128.6083015,2.5,1.0
05-대현남로6길-가-0014,왕벚나무,35.88081165,128.6083756,2.5,1.0
05-대현남로6길-가-0015,왕벚나무,35.88077022,128.6084412,2.5,1.0
05-대현남로6길-가-0016,왕벚나무,35.88071528,128.6085066,2.5,1.0
05-대현남로6길-가-0020,왕벚나무,35.88040222,128.6091729,2.5,1.0
05-대현남로6길-가-0021,왕벚나무,35.8803698,128.6092387,2.5,1.0
05-대현남로6길-가-0022,왕벚나무,35.88033051,128.6093126,2.5,1.0
05-대현남로6길-가-0023,왕벚나무,35.88029366,128.6093728,2.5,1.0
05-대현남로6길-가-0024,왕벚나무,35.88024776,128.6094355,2.5,1.0
05-대현남로6길-가-0025,왕벚나무,35.880204,128.6095066,2.5,1.0
05-대현남로6길-가-0026,왕벚나무,35.88015574,128.6095776,2.5,1.0
05-대현남로6길-가-0027,왕벚나무,35.88009149,128.6096649,2.5,1.0
05-대현남로6길-가-0028,왕벚나무,35.87999344,128.609848,2.5,1.0
05-대현남로6길-가-0029,왕벚나무,35.87991909,128.6099216,2.5,1.0
05-대현남로6길-가-0030,왕벚나무,35.87988006,128.6099762,2.5,1.0
05-대현남로6길-가-0031,왕벚나무,35.87983637,128.6100417,2.5,1.0
05-대현남로6길-가-0032,왕벚나무,35.87979734,128.6100963,2.5,1.0
05-대현남로6길-가-0033,왕벚나무,35.87974908,128.6101673,2.5,1.0
05-대현남로6길-가-0034,왕벚나무,35.87970758,128.6102384,2.5,1.0
05-신암로-가-0019,양버즘나무,35.87929916,128.6100464,2.5,1.0
05-신암로-가-0018,양버즘나무,35.87936401,128.6100922,2.5,1.0
05-신암로-가-0017,양버즘나무,35.87941742,128.6101379,2.5,1.0
05-대현남로-가-0014,왕벚나무,35.88091985,128.6063515,2.5,1.0
05-대현남로-가-0015,왕벚나무,35.88092572,128.606418,2.5,1.0
05-대현남로-가-0016,왕벚나무,35.88093373,128.6064929,2.5,1.0
05-대현남로-가-0017,왕벚나무,35.88095071,128.6065708,2.5,1.0
05-대현남로-가-0018,왕벚나무,35.88097448,128.606646,2.5,1.0
05-대현남로-가-0019,왕벚나무,35.88101336,128.6067714,2.5,1.0
05-대현남로-가-0020,왕벚나무,35.88104592,128.6068634,2.5,1.0
05-대현남로-가-0021,왕벚나무,35.88107209,128.6069276,2.5,1.0
05-대현남로4길-가-0001,왕벚나무,35.88101571,128.6071008,2.5,1.0
05-대현남로4길-가-0002,왕벚나무,35.88097901,128.6071499,2.5,1.0
05-대현남로4길-가-0003,왕벚나무,35.88094227,128.6072018,2.5,1.0
05-대현남로4길-가-0004,왕벚나무,35.8808919,128.6072617,2.5,1.0
05-대현남로4길-가-0005,왕벚나무,35.88084386,128.6073161,2.5,1.0
05-대현남로4길-가-0006,왕벚나무,35.8807938,128.6073538,2.5,1.0
05-대현남로4길-가-0007,왕벚나무,35.8807239,128.6073579,2.5,1.0
05-대현남로4길-가-0008,왕벚나무,35.8806608,128.6073594,2.5,1.0
05-대현남로4길-가-0009,왕벚나무,35.88059995,128.6073609,2.5,1.0
05-대현남로4길-가-0010,왕벚나무,35.88053914,128.6073597,2.5,1.0
05-대현남로4길-가-0011,왕벚나무,35.88048505,128.6073614,2.5,1.0
05-대현남로4길-가-0012,왕벚나무,35.88039954,128.6073541,2.5,1.0
05-대현남로4길-가-0013,왕벚나무,35.88034098,128.6073529,2.5,1.0
05-대현남로4길-가-0014,왕벚나무,35.88027807,128.6073406,2.5,1.0
05-대현남로4길-가-0015,왕벚나무,35.88022187,128.6073312,2.5,1.0
05-대현남로4길-가-0016,왕벚나무,35.88015889,128.6073244,2.5,1.0
05-대현남로4길-가-0017,왕벚나무,35.88009143,128.6073147,2.5,1.0
05-대현남로4길-가-0018,왕벚나무,35.880015,128.6073021,2.5,1.0
05-대현남로4길-가-0019,왕벚나무,35.87994293,128.6073006,2.5,1.0
05-대현남로-가-0041,왕벚나무,35.88223816,128.607837,2.5,1.0
05-대현남로-가-0042,왕벚나무,35.88216679,128.6077829,2.5,1.0
05-대현남로-가-0043,왕벚나무,35.88213781,128.6077602,2.5,1.0
05-대현남로-가-0044,왕벚나무,35.88203521,128.6076834,2.5,1.0
05-대현남로-가-0045,왕벚나무,35.8819771,128.607649,2.5,1.0
05-대현남로-가-0046,왕벚나무,35.88179412,128.607518,2.5,1.0
05-대현남로-가-0047,왕벚나무,35.88166456,128.6074351,2.5,1.0
05-대현남로-가-0031,왕벚나무,35.88219167,128.607944,2.5,1.0
05-대현남로-가-0030,왕벚나무,35.88214039,128.6079042,2.5,1.0
05-대현남로-가-0029,왕벚나무,35.88208914,128.6078617,2.5,1.0
05-대현남로-가-0028,왕벚나무,35.8820245,128.6078105,2.5,1.0
05-대현남로-가-0027,왕벚나무,35.88195531,128.6077621,2.5,1.0
05-대현남로-가-0026,왕벚나무,35.88179913,128.6076482,2.5,1.0
05-대현남로-가-0025,왕벚나무,35.88173441,128.6076026,2.5,1.0
05-대현남로-가-0024,왕벚나무,35.88150011,128.6074345,2.5,1.0
05-대현남로-가-0037,왕벚나무,35.88267778,128.6081504,2.5,1.0
05-대현남로-가-0038,왕벚나무,35.88263979,128.6081275,2.5,1.0
05-대현남로-가-0039,왕벚나무,35.8826108,128.6081047,2.5,1.0
05-대현남로-가-0032,왕벚나무,35.88238359,128.6080808,2.5,1.0
05-대현남로-가-0036,왕벚나무,35.88262464,128.608249,2.5,1.0
05-대현남로-가-0035,왕벚나무,35.88256675,128.608198,2.5,1.0
05-대현남로-가-0034,왕벚나무,35.88250875,128.6081553,2.5,1.0
05-대현남로-가-0033,왕벚나무,35.88244399,128.6081124,2.5,1.0
05-대현남로-가-0040,왕벚나무,35.88238315,128.6079451,2.5,1.0
05-대현남로-가-0075,왕벚나무,35.88068352,128.6048186,2.5,1.0
05-대현남로-가-0074,왕벚나무,35.88071191,128.6048856,2.5,1.0
05-대현남로-가-0073,왕벚나무,35.88079051,128.6050727,2.5,1.0
05-대현남로-가-0072,왕벚나무,35.88082559,128.6051454,2.5,1.0
05-대현남로-가-0071,왕벚나무,35.88086295,128.6052153,2.5,1.0
05-대현남로-가-0069,왕벚나무,35.88089991,128.6053157,2.5,1.0
05-대현남로-가-0070,왕벚나무,35.88088484,128.6052628,2.5,1.0
05-대현남로-가-0068,왕벚나무,35.88088787,128.6053736,2.5,1.0
05-대현남로-가-0067,왕벚나무,35.88090924,128.6054599,2.5,1.0
05-대현남로-가-0066,왕벚나무,35.8809308,128.6055323,2.5,1.0
05-대현남로-가-0065,왕벚나무,35.88094133,128.6055879,2.5,1.0
05-대현남로-가-0064,왕벚나무,35.88095864,128.6056408,2.5,1.0
05-대현남로-가-0063,왕벚나무,35.88097138,128.6056992,2.5,1.0
05-대현남로-가-0062,왕벚나무,35.88099283,128.6057799,2.5,1.0
05-대현남로-가-0061,왕벚나무,35.88099648,128.6058437,2.5,1.0
05-대현남로-가-0060,왕벚나무,35.8810046,128.6059103,2.5,1.0
05-대현남로-가-0059,왕벚나무,35.8810084,128.6059629,2.5,1.0
05-대현남로-가-0001,왕벚나무,35.88069555,128.6050985,2.5,1.0
05-대현남로-가-0002,왕벚나무,35.88072833,128.6051739,2.5,1.0
05-대현남로-가-0003,왕벚나무,35.88074768,128.6052435,2.5,1.0
05-대현남로-가-0004,왕벚나무,35.88077142,128.6053215,2.5,1.0
05-대현남로-가-0005,왕벚나무,35.88079737,128.6054023,2.5,1.0
05-대현남로-가-0006,왕벚나무,35.88081214,128.6054773,2.5,1.0
05-대현남로-가-0007,왕벚나무,35.88083351,128.6055635,2.5,1.0
05-대현남로-가-0008,왕벚나무,35.8808595,128.6056416,2.5,1.0
05-대현남로-가-0009,왕벚나무,35.88089321,128.6058167,2.5,1.0
05-대현남로-가-0010,왕벚나무,35.88090558,128.6059027,2.5,1.0
05-대현남로-가-0011,왕벚나무,35.88091133,128.6059776,2.5,1.0
05-대현남로-가-0012,왕벚나무,35.88091491,128.6060469,2.5,1.0
05-대현남로-가-0013,왕벚나무,35.88090527,128.6060937,2.5,1.0
05-대현남로-가-0058,왕벚나무,35.88102977,128.6063869,2.5,1.0
05-대현남로-가-0057,왕벚나무,35.88103759,128.6064757,2.5,1.0
05-대현남로-가-0056,왕벚나무,35.88105025,128.6065396,2.5,1.0
05-대현남로-가-0055,왕벚나무,35.88106734,128.6066091,2.5,1.0
05-대현남로-가-0054,왕벚나무,35.88108913,128.6066649,2.5,1.0
05-대현남로-가-0053,왕벚나무,35.8811129,128.6067402,2.5,1.0
05-대현남로-가-0052,왕벚나무,35.88113476,128.6067904,2.5,1.0
05-대현남로-가-0051,왕벚나무,35.88117001,128.6068493,2.5,1.0
05-대현남로-가-0050,왕벚나무,35.88121218,128.6068972,2.5,1.0
05-대현남로-가-0049,왕벚나무,35.88124777,128.6069311,2.5,1.0
05-대현남로-가-0048,왕벚나무,35.8812944,128.6069819,2.5,1.0
05-대현남로-가-0023,왕벚나무,35.88121893,128.6070662,2.5,1.0
05-대현남로5길-가-0011,왕벚나무,35.88256823,128.6026946,2.5,1.0
05-대현남로5길-가-0010,왕벚나무,35.88256731,128.6027638,2.5,1.0
05-대현남로5길-가-0009,왕벚나무,35.88256657,128.6028192,2.5,1.0
05-대현남로5길-가-0008,왕벚나무,35.8825703,128.6028774,2.5,1.0
05-대현남로5길-가-0007,왕벚나무,35.88257414,128.6029273,2.5,1.0
05-대현남로5길-가-0006,왕벚나무,35.88256836,128.6030273,2.5,1.0
05-대현남로5길-가-0005,왕벚나무,35.88256836,128.6031189,2.5,1.0
05-대현남로5길-가-0004,왕벚나무,35.88257217,128.6031952,2.5,1.0
05-대현남로5길-가-0003,왕벚나무,35.88257599,128.6033936,2.5,1.0
05-대현남로5길-가-0002,왕벚나무,35.88257599,128.6034546,2.5,1.0
05-대현남로5길-가-0012,왕벚나무,35.88243766,128.6040374,2.5,1.0
05-대현남로5길-가-0013,왕벚나무,35.8824343,128.6041204,2.5,1.0
05-대현남로5길-가-0014,왕벚나무,35.88243109,128.6041923,2.5,1.0
05-대현남로5길-가-0015,왕벚나무,35.88241805,128.6043249,2.5,1.0
05-대현남로5길-가-0016,왕벚나무,35.8824148,128.6043996,2.5,1.0
05-대현남로5길-가-0017,왕벚나무,35.88240697,128.6044797,2.5,1.0
05-대현남로5길-가-0018,왕벚나무,35.88240383,128.6045461,2.5,1.0
05-대현남로5길-가-0019,왕벚나무,35.88239837,128.6046179,2.5,1.0
05-대현남로5길-가-0020,왕벚나무,35.88239032,128.6047147,2.5,1.0
05-대현남로5길-가-0021,왕벚나무,35.88238946,128.6047783,2.5,1.0
05-대현남로5길-가-0022,왕벚나무,35.8823909,128.6048392,2.5,1.0
05-대현남로5길-가-0024,왕벚나무,35.88237968,128.6050051,2.5,1.0
05-대현남로5길-가-0025,왕벚나무,35.88236963,128.6050824,2.5,1.0
05-대현남로5길-가-0026,왕벚나무,35.88236199,128.6051487,2.5,1.0
05-대현남로5길-가-0027,왕벚나무,35.88235641,128.6052289,2.5,1.0
05-대현남로5길-가-0029,왕벚나무,35.88235282,128.6053285,2.5,1.0
05-대현남로5길-가-0030,왕벚나무,35.8823406,128.6054002,2.5,1.0
05-대현남로5길-가-0031,왕벚나무,35.88233724,128.6054832,2.5,1.0
05-대현남로5길-가-0023,왕벚나무,35.88239205,128.6049223,2.5,1.0
05-대현남로5길-가-0032,왕벚나무,35.88230511,128.6056957,2.5,1.0
05-대현남로5길-가-0033,왕벚나무,35.88229961,128.6057703,2.5,1.0
05-대현남로5길-가-0034,왕벚나무,35.88229628,128.6058505,2.5,1.0
05-대현남로5길-가-0035,왕벚나무,35.8822886,128.6059196,2.5,1.0
05-대현남로5길-가-0036,왕벚나무,35.88228745,128.6060054,2.5,1.0
05-대현남로5길-가-0039,왕벚나무,35.88216427,128.606288,2.5,1.0
05-대현남로5길-가-0040,왕벚나무,35.88212074,128.6063425,2.5,1.0
05-대현남로5길-가-0041,왕벚나무,35.88207255,128.606408,2.5,1.0
05-대현남로5길-가-0042,왕벚나무,35.88203127,128.6064625,2.5,1.0
05-대현남로5길-가-0043,왕벚나무,35.88198102,128.6065141,2.5,1.0
05-대현남로5길-가-0044,왕벚나무,35.88193077,128.6065657,2.5,1.0
05-대현남로5길-가-0045,왕벚나무,35.8818804,128.6066256,2.5,1.0
05-대현남로5길-가-0046,왕벚나무,35.88183923,128.6066718,2.5,1.0
05-대현남로5길-가-0047,왕벚나무,35.88178684,128.606715,2.5,1.0
05-대현남로5길-가-0048,왕벚나무,35.88173445,128.6067582,2.5,1.0
05-대현남로5길-가-0049,왕벚나무,35.88169793,128.6067935,2.5,1.0
05-대현남로5길-가-0050,왕벚나무,35.88163416,128.6068448,2.5,1.0
05-대현남로5길-가-0051,왕벚나무,35.88157257,128.6069017,2.5,1.0
05-대현남로5길-가-0052,왕벚나무,35.88153377,128.6069397,2.5,1.0
05-대현남로5길-가-0053,왕벚나무,35.88149718,128.6069805,2.5,1.0
05-대현남로5길-가-0054,왕벚나무,35.88142868,128.6070483,2.5,1.0
05-대현남로2길-가-0043,왕벚나무,35.88048935,128.6048126,2.5,1.0
05-대현남로2길-가-0042,왕벚나무,35.88042831,128.6048279,2.5,1.0
05-대현남로2길-가-0040,왕벚나무,35.88026545,128.6049154,2.5,1.0
05-대현남로2길-가-0039,왕벚나무,35.88022686,128.6049368,2.5,1.0
05-대현남로2길-가-0038,왕벚나무,35.88015882,128.6049714,2.5,1.0
05-대현남로2길-가-0037,왕벚나무,35.88010436,128.6050007,2.5,1.0
05-대현남로2길-가-0036,왕벚나무,35.88006127,128.605022,2.5,1.0
05-대현남로2길-가-0035,왕벚나무,35.88000677,128.6050541,2.5,1.0
05-대현남로2길-가-0034,왕벚나무,35.87992742,128.6050913,2.5,1.0
05-대현남로2길-가-0033,왕벚나무,35.879873,128.6051179,2.5,1.0
05-대현남로2길-가-0032,왕벚나무,35.87982984,128.6051447,2.5,1.0
05-대현남로2길-가-0031,왕벚나무,35.87977309,128.6051767,2.5,1.0
05-대현남로2길-가-0030,왕벚나무,35.87970493,128.6052197,2.5,1.0
05-대현남로2길-가-0029,왕벚나무,35.87965058,128.6052407,2.5,1.0
05-대현남로2길-가-0028,왕벚나무,35.87959383,128.6052728,2.5,1.0
05-대현남로2길-가-0027,왕벚나무,35.87947102,128.6053589,2.5,1.0
05-대현남로2길-가-0026,왕벚나무,35.87940947,128.605413,2.5,1.0
05-대현남로2길-가-0025,왕벚나무,35.87936151,128.6054619,2.5,1.0
05-대현남로2길-가-0024,왕벚나무,35.87931366,128.6055024,2.5,1.0
05-대현남로2길-가-0023,왕벚나무,35.87926787,128.6055569,2.5,1.0
05-대현남로2길-가-0022,왕벚나무,35.87921777,128.6055974,2.5,1.0
05-대현남로2길-가-0016,왕벚나무,35.87927343,128.6061521,2.5,1.0
05-대현남로2길-가-0015,왕벚나무,35.87930448,128.6061887,2.5,1.0
05-대현남로2길-가-0014,왕벚나무,35.87934206,128.6062421,2.5,1.0
05-대현남로2길-가-0013,왕벚나무,35.87937755,128.6062843,2.5,1.0
05-대현남로2길-가-0012,왕벚나무,35.87941085,128.606321,2.5,1.0
05-대현남로2길-가-0010,왕벚나무,35.87949717,128.6064362,2.5,1.0
05-대현남로2길-가-0009,왕벚나무,35.87952589,128.6064783,2.5,1.0
05-대현남로2길-가-0008,왕벚나무,35.87955447,128.6065315,2.5,1.0
05-대현남로2길-가-0007,왕벚나무,35.87958511,128.6065986,2.5,1.0
05-대현남로2길-가-0005,왕벚나무,35.87962007,128.6068484,2.5,1.0
05-대현남로2길-가-0004,왕벚나무,35.87961818,128.6069895,2.5,1.0
05-대현남로2길-가-0003,왕벚나무,35.87961278,128.6070559,2.5,1.0
05-대현남로2길-가-0002,왕벚나무,35.87960949,128.6071333,2.5,1.0
05-대현남로2길-가-0001,왕벚나무,35.87961075,128.6072081,2.5,1.0
05-대현로-가-0100,은행나무,35.88128281,128.6117096,2.5,1.0
05-대현남로2길-가-0011,왕벚나무,35.87946412,128.6063802,2.5,1.0
05-대현로-가-0053,양버즘나무,35.88345718,128.6069183,2.5,1.0
05-대현로-가-0022,양버즘나무,35.88519669,128.6040497,2.5,1.0
02-신암북로-가-0166,왕벚나무,35.88659487,128.6159992,2.5,1.0
02-신암북로-가-0165,왕벚나무,35.88658282,128.6160571,2.5,1.0
02-신암북로-가-0164,왕벚나무,35.88657775,128.6161829,2.5,1.0
02-신암북로-가-0163,왕벚나무,35.88657139,128.6162368,2.5,1.0
02-신암북로-가-0162,왕벚나무,35.88656725,128.6162935,2.5,1.0
02-신암북로-가-0161,왕벚나무,35.88655292,128.6163541,2.5,1.0
02-신암북로-가-0160,왕벚나무,35.88655097,128.616415,2.5,1.0
02-신암북로-가-0159,왕벚나무,35.88654321,128.6164895,2.5,1.0
02-신암북로-가-0158,왕벚나무,35.88653914,128.6165407,2.5,1.0
02-신암북로-가-0157,왕벚나무,35.88653515,128.6165863,2.5,1.0
02-신암북로-가-0001,왕벚나무,35.88646391,128.615937,2.5,1.0
02-신암북로-가-0002,왕벚나무,35.88644945,128.6160073,2.5,1.0
02-신암북로-가-0003,왕벚나무,35.88645094,128.6160641,2.5,1.0
02-신암북로-가-0004,왕벚나무,35.88644712,128.6161803,2.5,1.0
02-신암북로-가-0005,왕벚나무,35.88643495,128.6162479,2.5,1.0
02-신암북로-가-0006,왕벚나무,35.88642373,128.6163279,2.5,1.0
02-신암북로-가-0156,왕벚나무,35.88648672,128.6169203,2.5,1.0
02-신암북로-가-0155,왕벚나무,35.88648258,128.6169769,2.5,1.0
02-신암북로-가-0007,왕벚나무,35.88633275,128.6169365,2.5,1.0
02-신암북로-가-0008,왕벚나무,35.88632395,128.6170042,2.5,1.0
02-신암북로-가-0009,왕벚나무,35.88631589,128.6171424,2.5,1.0
02-신암북로-가-0010,왕벚나무,35.8862951,128.6173067,2.5,1.0
02-신암북로-가-0011,왕벚나무,35.88628512,128.6173785,2.5,1.0
02-신암북로-가-0012,왕벚나무,35.8862809,128.6174407,2.5,1.0
02-신암북로-가-0013,왕벚나무,35.88625092,128.6177432,2.5,1.0
02-신암북로-가-0154,왕벚나무,35.88645349,128.617131,2.5,1.0
02-신암북로-가-0153,왕벚나무,35.88645726,128.6171841,2.5,1.0
02-신암북로-가-0152,왕벚나무,35.88644139,128.6172751,2.5,1.0
02-신암북로-가-0151,왕벚나무,35.88643958,128.6173263,2.5,1.0
02-신암북로-가-0150,왕벚나무,35.88643063,128.617405,2.5,1.0
02-신암북로-가-0149,왕벚나무,35.88642861,128.6174714,2.5,1.0
02-신암북로-가-0148,왕벚나무,35.88640415,128.6176148,2.5,1.0
02-신암북로-가-0147,왕벚나무,35.88639428,128.6176783,2.5,1.0
02-신암북로-가-0146,왕벚나무,35.88638669,128.6177405,2.5,1.0
02-신암북로-가-0145,왕벚나무,35.88644568,128.6181278,2.5,1.0
02-신암북로-가-0144,왕벚나무,35.88647074,128.6181906,2.5,1.0
02-신암북로-가-0014,왕벚나무,35.88631978,128.6181917,2.5,1.0
02-신암북로-가-0015,왕벚나무,35.88635419,128.6183129,2.5,1.0
02-신암북로-가-0016,왕벚나무,35.88637588,128.6183756,2.5,1.0
02-신암북로-가-0017,왕벚나무,35.88639634,128.6184452,2.5,1.0
02-신암북로-가-0143,왕벚나무,35.88649111,128.6182672,2.5,1.0
02-신암북로-가-0142,왕벚나무,35.88651279,128.6183299,2.5,1.0
02-신암북로-가-0141,왕벚나무,35.88652788,128.6183801,2.5,1.0
02-신암북로-가-0140,왕벚나무,35.88654287,128.6184385,2.5,1.0
02-신암북로-가-0139,왕벚나무,35.88656556,128.6185096,2.5,1.0
02-신암북로-가-0138,왕벚나무,35.88658379,128.6185778,2.5,1.0
02-신암북로-가-0018,왕벚나무,35.88645866,128.6185849,2.5,1.0
02-신암북로-가-0019,왕벚나무,35.88647243,128.6186502,2.5,1.0
02-신암북로-가-0020,왕벚나무,35.88648752,128.6187004,2.5,1.0
02-신암북로-가-0021,왕벚나무,35.88650782,128.6187825,2.5,1.0
02-신암북로-가-0137,왕벚나무,35.88660677,128.6186281,2.5,1.0
02-신암북로-가-0136,왕벚나무,35.88663181,128.6186922,2.5,1.0
02-신암북로-가-0135,왕벚나무,35.88663987,128.618763,2.5,1.0
02-신암북로-가-0134,왕벚나무,35.88666788,128.6188577,2.5,1.0
02-신암북로-가-0022,왕벚나무,35.88651963,128.6188256,2.5,1.0
02-신암북로-가-0023,왕벚나무,35.88654234,128.6188953,2.5,1.0
02-신암북로-가-0024,왕벚나무,35.88655971,128.6189441,2.5,1.0
02-신암북로-가-0025,왕벚나무,35.88657889,128.6190248,2.5,1.0
02-신암북로-가-0026,왕벚나무,35.88660294,128.6190792,2.5,1.0
02-신암북로-가-0027,왕벚나무,35.88662994,128.6191656,2.5,1.0
02-신암북로-가-0028,왕벚나무,35.88664054,128.6192143,2.5,1.0
02-신암북로-가-0029,왕벚나무,35.88666095,128.619288,2.5,1.0
02-신암북로-가-0030,왕벚나무,35.886678,128.6193604,2.5,1.0
02-신암북로-가-0133,왕벚나무,35.88669975,128.6189165,2.5,1.0
02-신암북로-가-0132,왕벚나무,35.88671151,128.6189638,2.5,1.0
02-신암북로-가-0131,왕벚나무,35.88672328,128.6190097,2.5,1.0
02-신암북로-가-0130,왕벚나무,35.88673959,128.6190529,2.5,1.0
02-신암북로-가-0129,왕벚나무,35.88675221,128.6191196,2.5,1.0
02-신암북로-가-0128,왕벚나무,35.88676605,128.6191795,2.5,1.0
02-신암북로-가-0127,왕벚나무,35.88678095,128.6192434,2.5,1.0
02-신암북로-가-0126,왕벚나무,35.88680241,128.6193228,2.5,1.0
02-신암북로-가-0031,왕벚나무,35.8866995,128.6194369,2.5,1.0
02-신암북로-가-0032,왕벚나무,35.88671667,128.6194996,2.5,1.0
02-신암북로-가-0033,왕벚나무,35.88673055,128.6195566,2.5,1.0
02-신암북로-가-0034,왕벚나무,35.88674438,128.6196164,2.5,1.0
02-신암북로-가-0125,왕벚나무,35.88685509,128.6195093,2.5,1.0
02-신암북로-가-0124,왕벚나무,35.88687445,128.6195775,2.5,1.0
02-신암북로-가-0123,왕벚나무,35.88688806,128.619654,2.5,1.0
02-신암북로-가-0122,왕벚나무,35.8869064,128.6197138,2.5,1.0
02-신암북로-가-0121,왕벚나무,35.88692262,128.619764,2.5,1.0
02-신암북로-가-0035,왕벚나무,35.88678402,128.6197681,2.5,1.0
02-신암북로-가-0036,왕벚나무,35.8867977,128.619839,2.5,1.0
02-신암북로-가-0120,왕벚나무,35.88694055,128.6198544,2.5,1.0
02-신암북로-가-0037,왕벚나무,35.88688181,128.6202006,2.5,1.0
02-신암북로-가-0038,왕벚나무,35.8868979,128.6202604,2.5,1.0
02-신암북로-가-0039,왕벚나무,35.88692672,128.6203787,2.5,1.0
02-신암북로-가-0040,왕벚나무,35.88693725,128.6204329,2.5,1.0
02-신암북로-가-0041,왕벚나무,35.88696552,128.6205082,2.5,1.0
02-신암북로-가-0042,왕벚나무,35.88698058,128.6205611,2.5,1.0
05-대현로-가-0181,양버즘나무,35.88624232,128.6026953,2.5,1.0
05-대현로-가-0145,양버즘나무,35.88399903,128.6063848,2.5,1.0
05-대현로-가-0130,양버즘나무,35.88301086,128.6080322,2.5,1.0
05-대현로-가-0065,양버즘나무,35.88282013,128.608139,2.5,1.0
05-대현로-가-0105,양버즘나무,35.88079554,128.6116195,2.5,1.0
02-신암로-가-0052,양버즘나무,35.88061051,128.6122207,2.5,1.0
02-신암로-가-0053,양버즘나무,35.88061319,128.6122681,2.5,1.0
05-경대로-가-0173,은행나무,35.88303375,128.6126099,2.5,1.0
05-연암로-가-0001,은행나무,35.88832862,128.6019846,2.5,1.0
05-연암로-가-0326,왕벚나무,35.88808772,128.6017638,2.5,1.0
05-대학로-가-0284,은행나무,35.88893512,128.6028097,2.5,1.0
05-대학로-가-0211,은행나무,35.8932537,128.6099388,2.5,1.0
05-대학로-가-0216,은행나무,35.89299519,128.6096189,2.5,1.0
05-대학로-가-0224,은행나무,35.8924255,128.6089623,2.5,1.0
02-아양로8길-가-0065,이팝나무,35.88083682,128.6192569,2.5,1.0
02-송라로-가-0107,칠엽수,35.87945619,128.6150991,2.5,1.0
02-아양로-가-0525,양버즘나무,35.88233925,128.6197552,2.5,1.0
02-아양로8길-가-0006,이팝나무,35.88135075,128.6189861,2.5,1.0
02-아양로8길-가-0023,이팝나무,35.87947414,128.6197065,2.5,1.0
02-송라로-가-0143,칠엽수,35.87937077,128.6149099,2.5,1.0
02-신성로-가-0084,은행나무,35.88081687,128.6134919,2.5,1.0
02-신성로-가-0091,은행나무,35.88036878,128.6131765,2.5,1.0
02-신성로-가-0038,은행나무,35.87944246,128.6116331,2.5,1.0
02-신성로-가-0039,은행나무,35.87949232,128.611695,2.5,1.0
02-신성로-가-0041,은행나무,35.87957253,128.6117935,2.5,1.0
02-신성로-가-0042,은행나무,35.87980687,128.612073,2.5,1.0
02-신성로-가-0043,은행나무,35.87984113,128.6121299,2.5,1.0
02-신성로-가-0044,은행나무,35.87988977,128.6121987,2.5,1.0
02-신성로-가-0045,은행나무,35.87993797,128.6122551,2.5,1.0
02-신성로-가-0046,은행나무,35.87995526,128.6123094,2.5,1.0
02-아양로-가-0018,양버즘나무,35.88147835,128.6163421,2.5,1.0
02-신암로-가-0070,느티나무,35.88108779,128.6131878,2.5,1.0
02-신암로-가-0072,느티나무,35.88106308,128.6131231,2.5,1.0
02-신암로-가-0074,느티나무,35.88104707,128.6130573,2.5,1.0
02-신암로-가-0075,느티나무,35.88103482,128.6129906,2.5,1.0
02-신암로-가-0076,느티나무,35.88102938,128.6129485,2.5,1.0
02-신암로-가-0078,느티나무,35.88102188,128.6128557,2.5,1.0
05-대현남로2길-가-0041,왕벚나무,35.88034821,128.6048584,2.5,1.0
05-대현남로5길-가-0001,왕벚나무,35.88257599,128.6035767,2.5,1.0
05-대현남로5길-가-0028,왕벚나무,35.882371,128.6052856,2.5,1.0
05-대현남로5길-가-0037,왕벚나무,35.88227081,128.6061707,2.5,1.0
05-대현남로5길-가-0038,왕벚나무,35.8822403,128.6062164,2.5,1.0
05-대현남로-가-0022,왕벚나무,35.88111115,128.6069489,2.5,1.0
05-대현남로6길-가-0017,왕벚나무,35.8806839,128.6086121,2.5,1.0
05-대현남로6길-가-0018,왕벚나무,35.88066483,128.6086731,2.5,1.0
05-대현남로6길-가-0019,왕벚나무,35.88064194,128.6087494,2.5,1.0
05-대현남로2길-가-0006,왕벚나무,35.87964249,128.6068115,2.5,1.0
05-대현로-가-0092,양버즘나무,35.88188171,128.6114349,2.5,1.0
05-대현로-가-0026,양버즘나무,35.88489151,128.6045532,2.5,1.0
05-대현로-가-0028,양버즘나무,35.88479996,128.6047211,2.5,1.0
05-산격로9길-가-0030,느티나무,35.89289093,128.602891,2.5,1.0
02-아양로7길-가-0001,이팝나무,35.88192551,128.6172372,2.5,1.0
02-아양로7길-가-0002,이팝나무,35.88198771,128.6172191,2.5,1.0
02-아양로7길-가-0004,이팝나무,35.88211317,128.6171871,2.5,1.0
02-아양로7길-가-0005,이팝나무,35.88218768,128.6171747,2.5,1.0
02-아양로7길-가-0006,이팝나무,35.88224879,128.6171538,2.5,1.0
02-아양로7길-가-0008,이팝나무,35.88238111,128.617115,2.5,1.0
02-아양로7길-가-0010,이팝나무,35.88253163,128.6170627,2.5,1.0
02-아양로7길-가-0011,이팝나무,35.88258924,128.617051,2.5,1.0
02-아양로7길-가-0012,이팝나무,35.88265142,128.6170333,2.5,1.0
02-아양로7길-가-0013,이팝나무,35.88273284,128.617011,2.5,1.0
02-아양로7길-가-0017,이팝나무,35.88319203,128.6168713,2.5,1.0
02-아양로7길-가-0018,이팝나무,35.88325198,128.6168531,2.5,1.0
02-아양로7길-가-0019,이팝나무,35.88331421,128.6168322,2.5,1.0
02-아양로7길-가-0020,이팝나무,35.88337465,128.6168135,2.5,1.0
02-아양로7길-가-0021,이팝나무,35.88344304,128.6168016,2.5,1.0
02-아양로7길-가-0022,이팝나무,35.88351777,128.6167727,2.5,1.0
02-아양로7길-가-0023,이팝나무,35.88357426,128.616761,2.5,1.0
02-아양로7길-가-0024,이팝나무,35.88363077,128.6167459,2.5,1.0
02-아양로7길-가-0025,이팝나무,35.88368959,128.6167277,2.5,1.0
02-아양로7길-가-0026,이팝나무,35.88376078,128.6167112,2.5,1.0
02-아양로7길-가-0027,이팝나무,35.88382739,128.6167001,2.5,1.0
02-아양로7길-가-0028,이팝나무,35.88388516,128.6166764,2.5,1.0
02-아양로7길-가-0029,이팝나무,35.88394512,128.6166568,2.5,1.0
02-아양로7길-가-0030,이팝나무,35.88399834,128.6166357,2.5,1.0
02-아양로7길-가-0031,이팝나무,35.88407404,128.6166193,2.5,1.0
02-아양로7길-가-0032,이팝나무,35.88413742,128.616597,2.5,1.0
02-아양로7길-가-0033,이팝나무,35.88419961,128.6165789,2.5,1.0
02-아양로7길-가-0034,이팝나무,35.88425725,128.6165649,2.5,1.0
02-아양로7길-가-0035,이팝나무,35.88439168,128.6165358,2.5,1.0
02-평화로-가-0004,대왕참나무,35.88436213,128.6189397,2.5,1.0
02-평화로-가-0003,대왕참나무,35.88437602,128.6190782,2.5,1.0
02-평화로-가-0002,대왕참나무,35.88437972,128.6192022,2.5,1.0
02-평화로-가-0001,대왕참나무,35.88438329,128.6193232,2.5,1.0
02-아양로9길-가-0002,대왕참나무,35.88467192,128.6186531,2.5,1.0
02-아양로9길-가-0001,대왕참나무,35.88464253,128.6187211,2.5,1.0
02-아양로9길-가-0003,대왕참나무,35.88475203,128.6186954,2.5,1.0
02-아양로9길-가-0004,대왕참나무,35.88479752,128.6186365,2.5,1.0
02-아양로9길-가-0005,대왕참나무,35.88485094,128.618665,2.5,1.0
02-아양로9길-가-0006,대왕참나무,35.88487532,128.6186061,2.5,1.0
02-아양로9길-가-0007,대왕참나무,35.88493389,128.6186262,2.5,1.0
02-아양로9길-가-0008,대왕참나무,35.88496338,128.6185707,2.5,1.0
02-아양로9길-가-0009,대왕참나무,35.88499702,128.6186073,2.5,1.0
02-아양로9길-가-0010,대왕참나무,35.88503944,128.6185544,2.5,1.0
02-아양로9길-가-0011,대왕참나무,35.88509534,128.6185714,2.5,1.0
02-아양로9길-가-0012,대왕참나무,35.88512678,128.6185209,2.5,1.0
02-아양로9길-가-0013,대왕참나무,35.88519466,128.6185435,2.5,1.0
02-아양로9길-가-0014,대왕참나무,35.88520943,128.618497,2.5,1.0
02-아양로9길-가-0020,은행나무,35.88759409,128.6182509,2.5,1.0
02-아양로9길-가-0019,은행나무,35.88740421,128.6182152,2.5,1.0
02-아양로9길-가-0018,은행나무,35.88731547,128.6181968,2.5,1.0
02-아양로9길-가-0017,은행나무,35.88724813,128.6181788,2.5,1.0
02-아양로9길-가-0016,은행나무,35.88706175,128.6181335,2.5,1.0
02-아양로9길-가-0015,은행나무,35.88687983,128.6180924,2.5,1.0
05-대현로-가-0003,왕벚나무,35.88751984,128.6018982,2.5,1.0
05-대현로-가-0093,양버즘나무,35.8818512,128.6116028,2.5,1.0
05-공평로-가-0052,느티나무,35.88076782,128.6014252,2.5,1.0
05-공평로-가-0051,느티나무,35.88071823,128.6014252,2.5,1.0
05-공평로-가-0050,느티나무,35.8806572,128.6014252,2.5,1.0
05-공평로-가-0049,느티나무,35.88057327,128.6014252,2.5,1.0
05-칠성시장로-가-0075,느티나무,35.88059235,128.6015167,2.5,1.0
05-칠성시장로-가-0076,느티나무,35.88059998,128.601593,2.5,1.0
05-칠성시장로-가-0077,느티나무,35.8805275,128.601532,2.5,1.0
05-칠성시장로-가-0078,느티나무,35.8805275,128.6016083,2.5,1.0
